Workbook
Name Slicer_Country: #N/A

Sheet marketing_campaign_dataset_500_
A1: Campaign_ID | B1: Date | C1: Customer_ID | D1: Age | E1: Gender | F1: Country | G1: Marketing_Channel | H1: Campaign_Type | I1: Ad_Spend | J1: Impressions | K1: Clicks | L1: Conversions | M1: Customer_Satisfaction | N1: CTR_% | O1: Conversion_Rate_% | P1: Cust_satifaction_full | S1: avg_cust_satisfaction | U1: Num_over_100 | V1: Perfomance_Rating | W1: CTR_Category | X1: Spend_Flag | Y1: Channel_Benchmark | Z1: Performance_vs_Benchmark | AA1: Campaign_type_flag
A2: MKT1000 | B2: 45467 | C2: C378 | D2: 27 | E2: Male | F2: USA | G2: Facebook Ads | H2: Product Launch | I2: 1779.52 | J2: 35715 | K2: 3140 | L2: 274 | M2: 2 | N2: 8.7918242 | O2: 8.7261146 | P2: =IF(ISBLANK(M2), $S$2, M2) -> 2 | S2: =ROUND(AVERAGE(M:M),0) -> 3 | U2: =COUNTIF(N2:N1000, N2>100) -> 0 | V2: =IF(AND(L2>200,K2>3000),"Top Performer", IF(AND(L2>=100,K2>=1000),"Average Performer","Low Performer")) -> Top Performer | W2: {=_xlfn.IFS(N2>=20, "High",N2>=10, "Medium", N2<10, "Low")} -> Low | X2: =IF(I2>1000, "High Budget",IF(I2>=500, "Medium Budget", "Low Budget")) -> High Budget | Y2: =VLOOKUP(G2, Lookup_table!B:C,2,0) -> 0.5 | Z2: =IF(I2/K2<Y2, "Efficient Spend", "Inefficient Spend") -> Inefficient Spend | AA2: =VLOOKUP(H2, Lookup_table!E:F,2,0) -> High
A3: MKT1001 | B3: 45488 | C3: C345 | D3: 24 | E3: Female | F3: Nigeria | G3: Google Ads | H3: Brand Awareness | I3: 464.78 | J3: 13758 | K3: 3324 | L3: 5 | M3: 3 | N3: 24.160488 | O3: 0.15042118 | P3: =IF(ISBLANK(M3), $S$2, M3) -> 3 | U3: =COUNTIF(N3:N1001, N3>100) -> 0 | V3: =IF(AND(L3>200,K3>3000),"Top Performer", IF(AND(L3>=100,K3>=1000),"Average Performer","Low Performer")) -> Low Performer | W3: {=_xlfn.IFS(N3>=20, "High",N3>=10, "Medium", N3<10, "Low")} -> High | X3: =IF(I3>1000, "High Budget",IF(I3>=500, "Medium Budget", "Low Budget")) -> Low Budget | Y3: =VLOOKUP(G3, Lookup_table!B:C,2,0) -> 1.2 | Z3: =IF(I3/K3<Y3, "Efficient Spend", "Inefficient Spend") -> Efficient Spend | AA3: =VLOOKUP(H3, Lookup_table!E:F,2,0) -> Medium
A4: MKT1002 | B4: 45317 | C4: C239 | D4: 35 | E4: Other | F4: USA | G4: Facebook Ads | H4: Holiday Promo | I4: 561.14 | J4: 48381 | K4: 321 | L4: 163 | N4: 0.6634836 | O4: 50.778816 | P4: =IF(ISBLANK(M4), $S$2, M4) -> 3 | V4: =IF(AND(L4>200,K4>3000),"Top Performer", IF(AND(L4>=100,K4>=1000),"Average Performer","Low Performer")) -> Low Performer | W4: {=_xlfn.IFS(N4>=20, "High",N4>=10, "Medium", N4<10, "Low")} -> Low | X4: =IF(I4>1000, "High Budget",IF(I4>=500, "Medium Budget", "Low Budget")) -> Medium Budget | Y4: =VLOOKUP(G4, Lookup_table!B:C,2,0) -> 0.5 | Z4: =IF(I4/K4<Y4, "Efficient Spend", "Inefficient Spend") -> Inefficient Spend | AA4: =VLOOKUP(H4, Lookup_table!E:F,2,0) -> High
A5: MKT1003 | B5: 45359 | C5: C266 | D5: 20 | E5: Male | F5: Nigeria | G5: Facebook Ads | H5: Brand Awareness | I5: 297.57 | J5: 15697 | K5: 3375 | L5: 280 | M5: 5 | N5: 21.500924 | O5: 8.2962963 | P5: =IF(ISBLANK(M5), $S$2, M5) -> 5 | U5: =COUNTIF(N5:N1000, N5>100) -> 0 | V5: =IF(AND(L5>200,K5>3000),"Top Performer", IF(AND(L5>=100,K5>=1000),"Average Performer","Low Performer")) -> Top Performer | W5: {=_xlfn.IFS(N5>=20, "High",N5>=10, "Medium", N5<10, "Low")} -> High | X5: =IF(I5>1000, "High Budget",IF(I5>=500, "Medium Budget", "Low Budget")) -> Low Budget | Y5: =VLOOKUP(G5, Lookup_table!B:C,2,0) -> 0.5 | Z5: =IF(I5/K5<Y5, "Efficient Spend", "Inefficient Spend") -> Efficient Spend | AA5: =VLOOKUP(H5, Lookup_table!E:F,2,0) -> Medium
A6: MKT1004 | B6: 45503 | C6: C282 | D6: 32 | E6: Female | F6: UK | G6: Referral | H6: Holiday Promo | I6: 1074.86 | J6: 2245 | K6: 4858 | L6: 373 | M6: 2 | N6: 216.39198 | O6: 7.6780568 | P6: =IF(ISBLANK(M6), $S$2, M6) -> 2 | U6: =COUNTIF(N6:N1001, N6>100) -> 0 | V6: =IF(AND(L6>200,K6>3000),"Top Performer", IF(AND(L6>=100,K6>=1000),"Average Performer","Low Performer")) -> Top Performer | W6: {=_xlfn.IFS(N6>=20, "High",N6>=10, "Medium", N6<10, "Low")} -> High | X6: =IF(I6>1000, "High Budget",IF(I6>=500, "Medium Budget", "Low Budget")) -> High Budget | Y6: =VLOOKUP(G6, Lookup_table!B:C,2,0) -> 0.3 | Z6: =IF(I6/K6<Y6, "Efficient Spend", "Inefficient Spend") -> Efficient Spend | AA6: =VLOOKUP(H6, Lookup_table!E:F,2,0) -> High
A7: MKT1005 | B7: 45395 | C7: C227 | D7: 64 | E7: Other | F7: Ghana | G7: Instagram | H7: Brand Awareness | I7: 665.19 | J7: 10209 | K7: 2859 | L7: 149 | M7: 5 | N7: 28.004702 | O7: 5.2116125 | P7: =IF(ISBLANK(M7), $S$2, M7) -> 5 | U7: =COUNTIF(N7:N1002, N7>100) -> 0 | V7: =IF(AND(L7>200,K7>3000),"Top Performer", IF(AND(L7>=100,K7>=1000),"Average Performer","Low Performer")) -> Average Performer | W7: {=_xlfn.IFS(N7>=20, "High",N7>=10, "Medium", N7<10, "Low")} -> High | X7: =IF(I7>1000, "High Budget",IF(I7>=500, "Medium Budget", "Low Budget")) -> Medium Budget | Y7: =VLOOKUP(G7, Lookup_table!B:C,2,0) -> 0.75 | Z7: =IF(I7/K7<Y7, "Efficient Spend", "Inefficient Spend") -> Efficient Spend | AA7: =VLOOKUP(H7, Lookup_table!E:F,2,0) -> Medium
A8: MKT1006 | B8: 45640 | C8: C279 | D8: 20 | E8: Other | F8: UK | G8: Instagram | H8: Holiday Promo | I8: 514.58 | J8: 11892 | K8: 367 | L8: 293 | M8: 4 | N8: 3.0861083 | O8: 79.836512 | P8: =IF(ISBLANK(M8), $S$2, M8) -> 4 | U8: =COUNTIF(N8:N1003, N8>100) -> 0 | V8: =IF(AND(L8>200,K8>3000),"Top Performer", IF(AND(L8>=100,K8>=1000),"Average Performer","Low Performer")) -> Low Performer | W8: {=_xlfn.IFS(N8>=20, "High",N8>=10, "Medium", N8<10, "Low")} -> Low | X8: =IF(I8>1000, "High Budget",IF(I8>=500, "Medium Budget", "Low Budget")) -> Medium Budget | Y8: =VLOOKUP(G8, Lookup_table!B:C,2,0) -> 0.75 | Z8: =IF(I8/K8<Y8, "Efficient Spend", "Inefficient Spend") -> Inefficient Spend | AA8: =VLOOKUP(H8, Lookup_table!E:F,2,0) -> High
A9: MKT1007 | B9: 45477 | C9: C279 | D9: 49 | E9: Other | F9: South Africa | G9: Referral | H9: Holiday Promo | I9: 187.7 | J9: 34575 | K9: 4519 | L9: 6 | M9: 3 | N9: 13.070137 | O9: 0.13277274 | P9: =IF(ISBLANK(M9), $S$2, M9) -> 3 | U9: =COUNTIF(N9:N1004, N9>100) -> 0 | V9: =IF(AND(L9>200,K9>3000),"Top Performer", IF(AND(L9>=100,K9>=1000),"Average Performer","Low Performer")) -> Low Performer | W9: {=_xlfn.IFS(N9>=20, "High",N9>=10, "Medium", N9<10, "Low")} -> Medium | X9: =IF(I9>1000, "High Budget",IF(I9>=500, "Medium Budget", "Low Budget")) -> Low Budget | Y9: =VLOOKUP(G9, Lookup_table!B:C,2,0) -> 0.3 | Z9: =IF(I9/K9<Y9, "Efficient Spend", "Inefficient Spend") -> Efficient Spend | AA9: =VLOOKUP(H9, Lookup_table!E:F,2,0) -> High
A10: MKT1008 | B10: 45315 | C10: C338 | D10: 26 | E10: Female | F10: South Africa | G10: Facebook Ads | H10: Product Launch | I10: 1985.97 | J10: 26045 | K10: 2084 | L10: 240 | M10: 4 | N10: 8.0015358 | O10: 11.516315 | P10: =IF(ISBLANK(M10), $S$2, M10) -> 4 | U10: =COUNTIF(N10:N1005, N10>100) -> 0 | V10: =IF(AND(L10>200,K10>3000),"Top Performer", IF(AND(L10>=100,K10>=1000),"Average Performer","Low Performer")) -> Average Performer | W10: {=_xlfn.IFS(N10>=20, "High",N10>=10, "Medium", N10<10, "Low")} -> Low | X10: =IF(I10>1000, "High Budget",IF(I10>=500, "Medium Budget", "Low Budget")) -> High Budget | Y10: =VLOOKUP(G10, Lookup_table!B:C,2,0) -> 0.5 | Z10: =IF(I10/K10<Y10, "Efficient Spend", "Inefficient Spend") -> Inefficient Spend | AA10: =VLOOKUP(H10, Lookup_table!E:F,2,0) -> High
A11: MKT1009 | B11: 45364 | C11: C346 | D11: 31 | E11: Other | F11: Nigeria | G11: Instagram | H11: Brand Awareness | I11: 1642.32 | J11: 8802 | K11: 735 | L11: 220 | M11: 5 | N11: 8.3503749 | O11: 29.931973 | P11: =IF(ISBLANK(M11), $S$2, M11) -> 5 | U11: =COUNTIF(N11:N1006, N11>100) -> 0 | V11: =IF(AND(L11>200,K11>3000),"Top Performer", IF(AND(L11>=100,K11>=1000),"Average Performer","Low Performer")) -> Low Performer | W11: {=_xlfn.IFS(N11>=20, "High",N11>=10, "Medium", N11<10, "Low")} -> Low | X11: =IF(I11>1000, "High Budget",IF(I11>=500, "Medium Budget", "Low Budget")) -> High Budget | Y11: =VLOOKUP(G11, Lookup_table!B:C,2,0) -> 0.75 | Z11: =IF(I11/K11<Y11, "Efficient Spend", "Inefficient Spend") -> Inefficient Spend | AA11: =VLOOKUP(H11, Lookup_table!E:F,2,0) -> Medium
A12: MKT1010 | B12: 45637 | C12: C252 | D12: 46 | E12: Male | F12: Kenya | G12: Referral | H12: Product Launch | I12: 686.5 | J12: 8134 | K12: 1108 | L12: 140 | M12: 1 | N12: 13.621834 | O12: 12.635379 | P12: =IF(ISBLANK(M12), $S$2, M12) -> 1 | U12: =COUNTIF(N12:N1007, N12>100) -> 0 | V12: =IF(AND(L12>200,K12>3000),"Top Performer", IF(AND(L12>=100,K12>=1000),"Average Performer","Low Performer")) -> Average Performer | W12: {=_xlfn.IFS(N12>=20, "High",N12>=10, "Medium", N12<10, "Low")} -> Medium | X12: =IF(I12>1000, "High Budget",IF(I12>=500, "Medium Budget", "Low Budget")) -> Medium Budget | Y12: =VLOOKUP(G12, Lookup_table!B:C,2,0) -> 0.3 | Z12: =IF(I12/K12<Y12, "Efficient Spend", "Inefficient Spend") -> Inefficient Spend | AA12: =VLOOKUP(H12, Lookup_table!E:F,2,0) -> High
A13: MKT1011 | B13: 45334 | C13: C334 | D13: 59 | E13: Other | F13: South Africa | G13: Google Ads | H13: Product Launch | I13: 847.08 | J13: 24160 | K13: 4205 | L13: 211 | M13: 5 | N13: 17.404801 | O13: 5.0178359 | P13: =IF(ISBLANK(M13), $S$2, M13) -> 5 | U13: =COUNTIF(N13:N1008, N13>100) -> 0 | V13: =IF(AND(L13>200,K13>3000),"Top Performer", IF(AND(L13>=100,K13>=1000),"Average Performer","Low Performer")) -> Top Performer | W13: {=_xlfn.IFS(N13>=20, "High",N13>=10, "Medium", N13<10, "Low")} -> Medium | X13: =IF(I13>1000, "High Budget",IF(I13>=500, "Medium Budget", "Low Budget")) -> Medium Budget | Y13: =VLOOKUP(G13, Lookup_table!B:C,2,0) -> 1.2 | Z13: =IF(I13/K13<Y13, "Efficient Spend", "Inefficient Spend") -> Efficient Spend | AA13: =VLOOKUP(H13, Lookup_table!E:F,2,0) -> High
A14: MKT1012 | B14: 45510 | C14: C345 | D14: 44 | E14: Other | F14: Nigeria | G14: Email | H14: Discount | I14: 1143.36 | J14: 8173 | K14: 825 | L14: 16 | N14: 10.094213 | O14: 1.9393939 | P14: =IF(ISBLANK(M14), $S$2, M14) -> 3 | U14: =COUNTIF(N14:N1009, N14>100) -> 0 | V14: =IF(AND(L14>200,K14>3000),"Top Performer", IF(AND(L14>=100,K14>=1000),"Average Performer","Low Performer")) -> Low Performer | W14: {=_xlfn.IFS(N14>=20, "High",N14>=10, "Medium", N14<10, "Low")} -> Medium | X14: =IF(I14>1000, "High Budget",IF(I14>=500, "Medium Budget", "Low Budget")) -> High Budget | Y14: =VLOOKUP(G14, Lookup_table!B:C,2,0) -> 0.2 | Z14: =IF(I14/K14<Y14, "Efficient Spend", "Inefficient Spend") -> Inefficient Spend | AA14: =VLOOKUP(H14, Lookup_table!E:F,2,0) -> Medium
A15: MKT1013 | B15: 45459 | C15: C267 | D15: 57 | E15: Male | F15: South Africa | G15: Facebook Ads | H15: Discount | I15: 151.38 | J15: 11942 | K15: 4640 | L15: 59 | M15: 3 | N15: 38.854463 | O15: 1.2715517 | P15: =IF(ISBLANK(M15), $S$2, M15) -> 3 | V15: =IF(AND(L15>200,K15>3000),"Top Performer", IF(AND(L15>=100,K15>=1000),"Average Performer","Low Performer")) -> Low Performer | W15: {=_xlfn.IFS(N15>=20, "High",N15>=10, "Medium", N15<10, "Low")} -> High | X15: =IF(I15>1000, "High Budget",IF(I15>=500, "Medium Budget", "Low Budget")) -> Low Budget | Y15: =VLOOKUP(G15, Lookup_table!B:C,2,0) -> 0.5 | Z15: =IF(I15/K15<Y15, "Efficient Spend", "Inefficient Spend") -> Efficient Spend | AA15: =VLOOKUP(H15, Lookup_table!E:F,2,0) -> Medium
A16: MKT1014 | B16: 45360 | C16: C290 | D16: 36 | E16: Female | F16: USA | G16: Facebook Ads | H16: Discount | I16: 782.56 | J16: 9132 | K16: 1618 | L16: 74 | M16: 1 | N16: 17.717915 | O16: 4.5735476 | P16: =IF(ISBLANK(M16), $S$2, M16) -> 1 | V16: =IF(AND(L16>200,K16>3000),"Top Performer", IF(AND(L16>=100,K16>=1000),"Average Performer","Low Performer")) -> Low Performer | W16: {=_xlfn.IFS(N16>=20, "High",N16>=10, "Medium", N16<10, "Low")} -> Medium | X16: =IF(I16>1000, "High Budget",IF(I16>=500, "Medium Budget", "Low Budget")) -> Medium Budget | Y16: =VLOOKUP(G16, Lookup_table!B:C,2,0) -> 0.5 | Z16: =IF(I16/K16<Y16, "Efficient Spend", "Inefficient Spend") -> Efficient Spend | AA16: =VLOOKUP(H16, Lookup_table!E:F,2,0) -> Medium
A17: MKT1015 | B17: 45292 | C17: C300 | D17: 38 | E17: Male | F17: Ghana | G17: Instagram | H17: Holiday Promo | I17: 1170.73 | J17: 45111 | K17: 602 | L17: 207 | M17: 1 | N17: 1.334486 | O17: 34.385382 | P17: =IF(ISBLANK(M17), $S$2, M17) -> 1 | V17: =IF(AND(L17>200,K17>3000),"Top Performer", IF(AND(L17>=100,K17>=1000),"Average Performer","Low Performer")) -> Low Performer | W17: {=_xlfn.IFS(N17>=20, "High",N17>=10, "Medium", N17<10, "Low")} -> Low | X17: =IF(I17>1000, "High Budget",IF(I17>=500, "Medium Budget", "Low Budget")) -> High Budget | Y17: =VLOOKUP(G17, Lookup_table!B:C,2,0) -> 0.75 | Z17: =IF(I17/K17<Y17, "Efficient Spend", "Inefficient Spend") -> Inefficient Spend | AA17: =VLOOKUP(H17, Lookup_table!E:F,2,0) -> High
A18: MKT1016 | B18: 45367 | C18: C300 | D18: 41 | E18: Male | F18: Kenya | G18: Referral | H18: Holiday Promo | I18: 1924.46 | J18: 5516 | K18: 4976 | L18: 221 | M18: 5 | N18: 90.210297 | O18: 4.4413183 | P18: =IF(ISBLANK(M18), $S$2, M18) -> 5 | V18: =IF(AND(L18>200,K18>3000),"Top Performer", IF(AND(L18>=100,K18>=1000),"Average Performer","Low Performer")) -> Top Performer | W18: {=_xlfn.IFS(N18>=20, "High",N18>=10, "Medium", N18<10, "Low")} -> High | X18: =IF(I18>1000, "High Budget",IF(I18>=500, "Medium Budget", "Low Budget")) -> High Budget | Y18: =VLOOKUP(G18, Lookup_table!B:C,2,0) -> 0.3 | Z18: =IF(I18/K18<Y18, "Efficient Spend", "Inefficient Spend") -> Inefficient Spend | AA18: =VLOOKUP(H18, Lookup_table!E:F,2,0) -> High
A19: MKT1017 | B19: 45603 | C19: C210 | D19: 46 | E19: Male | F19: South Africa | G19: Email | H19: Product Launch | I19: 1929.87 | J19: 9198 | K19: 497 | L19: 300 | M19: 5 | N19: 5.4033486 | O19: 60.362173 | P19: =IF(ISBLANK(M19), $S$2, M19) -> 5 | V19: =IF(AND(L19>200,K19>3000),"Top Performer", IF(AND(L19>=100,K19>=1000),"Average Performer","Low Performer")) -> Low Performer | W19: {=_xlfn.IFS(N19>=20, "High",N19>=10, "Medium", N19<10, "Low")} -> Low | X19: =IF(I19>1000, "High Budget",IF(I19>=500, "Medium Budget", "Low Budget")) -> High Budget | Y19: =VLOOKUP(G19, Lookup_table!B:C,2,0) -> 0.2 | Z19: =IF(I19/K19<Y19, "Efficient Spend", "Inefficient Spend") -> Inefficient Spend | AA19: =VLOOKUP(H19, Lookup_table!E:F,2,0) -> High
A20: MKT1018 | B20: 45542 | C20: C211 | D20: 46 | E20: Female | F20: Kenya | G20: Email | H20: Brand Awareness | I20: 1527.84 | J20: 13127 | K20: 4960 | L20: 351 | M20: 5 | N20: 37.784719 | O20: 7.0766129 | P20: =IF(ISBLANK(M20), $S$2, M20) -> 5 | V20: =IF(AND(L20>200,K20>3000),"Top Performer", IF(AND(L20>=100,K20>=1000),"Average Performer","Low Performer")) -> Top Performer | W20: {=_xlfn.IFS(N20>=20, "High",N20>=10, "Medium", N20<10, "Low")} -> High | X20: =IF(I20>1000, "High Budget",IF(I20>=500, "Medium Budget", "Low Budget")) -> High Budget | Y20: =VLOOKUP(G20, Lookup_table!B:C,2,0) -> 0.2 | Z20: =IF(I20/K20<Y20, "Efficient Spend", "Inefficient Spend") -> Inefficient Spend | AA20: =VLOOKUP(H20, Lookup_table!E:F,2,0) -> Medium
A21: MKT1019 | B21: 45298 | C21: C341 | D21: 33 | E21: Female | F21: South Africa | G21: Email | H21: Brand Awareness | I21: 149.18 | J21: 33722 | K21: 3046 | L21: 323 | M21: 4 | N21: 9.032679 | O21: 10.604071 | P21: =IF(ISBLANK(M21), $S$2, M21) -> 4 | V21: =IF(AND(L21>200,K21>3000),"Top Performer", IF(AND(L21>=100,K21>=1000),"Average Performer","Low Performer")) -> Top Performer | W21: {=_xlfn.IFS(N21>=20, "High",N21>=10, "Medium", N21<10, "Low")} -> Low | X21: =IF(I21>1000, "High Budget",IF(I21>=500, "Medium Budget", "Low Budget")) -> Low Budget | Y21: =VLOOKUP(G21, Lookup_table!B:C,2,0) -> 0.2 | Z21: =IF(I21/K21<Y21, "Efficient Spend", "Inefficient Spend") -> Efficient Spend | AA21: =VLOOKUP(H21, Lookup_table!E:F,2,0) -> Medium
A22: MKT1020 | B22: 45567 | C22: C359 | D22: 63 | E22: Other | F22: Kenya | G22: Instagram | H22: Holiday Promo | I22: 1226.99 | J22: 5271 | K22: 717 | L22: 289 | M22: 4 | N22: 13.602732 | O22: 40.306834 | P22: =IF(ISBLANK(M22), $S$2, M22) -> 4 | V22: =IF(AND(L22>200,K22>3000),"Top Performer", IF(AND(L22>=100,K22>=1000),"Average Performer","Low Performer")) -> Low Performer | W22: {=_xlfn.IFS(N22>=20, "High",N22>=10, "Medium", N22<10, "Low")} -> Medium | X22: =IF(I22>1000, "High Budget",IF(I22>=500, "Medium Budget", "Low Budget")) -> High Budget | Y22: =VLOOKUP(G22, Lookup_table!B:C,2,0) -> 0.75 | Z22: =IF(I22/K22<Y22, "Efficient Spend", "Inefficient Spend") -> Inefficient Spend | AA22: =VLOOKUP(H22, Lookup_table!E:F,2,0) -> High
A23: MKT1021 | B23: 45336 | C23: C298 | D23: 51 | E23: Female | F23: Ghana | G23: Google Ads | H23: Brand Awareness | I23: 948.77 | J23: 11269 | K23: 1703 | L23: 321 | M23: 2 | N23: 15.112255 | O23: 18.84909 | P23: =IF(ISBLANK(M23), $S$2, M23) -> 2 | V23: =IF(AND(L23>200,K23>3000),"Top Performer", IF(AND(L23>=100,K23>=1000),"Average Performer","Low Performer")) -> Average Performer | W23: {=_xlfn.IFS(N23>=20, "High",N23>=10, "Medium", N23<10, "Low")} -> Medium | X23: =IF(I23>1000, "High Budget",IF(I23>=500, "Medium Budget", "Low Budget")) -> Medium Budget | Y23: =VLOOKUP(G23, Lookup_table!B:C,2,0) -> 1.2 | Z23: =IF(I23/K23<Y23, "Efficient Spend", "Inefficient Spend") -> Efficient Spend | AA23: =VLOOKUP(H23, Lookup_table!E:F,2,0) -> Medium
A24: MKT1022 | B24: 45483 | C24: C367 | D24: 18 | E24: Female | F24: UK | G24: Email | H24: Discount | I24: 1314.42 | J24: 46761 | K24: 3166 | L24: 267 | M24: 4 | N24: 6.7705994 | O24: 8.4333544 | P24: =IF(ISBLANK(M24), $S$2, M24) -> 4 | V24: =IF(AND(L24>200,K24>3000),"Top Performer", IF(AND(L24>=100,K24>=1000),"Average Performer","Low Performer")) -> Top Performer | W24: {=_xlfn.IFS(N24>=20, "High",N24>=10, "Medium", N24<10, "Low")} -> Low | X24: =IF(I24>1000, "High Budget",IF(I24>=500, "Medium Budget", "Low Budget")) -> High Budget | Y24: =VLOOKUP(G24, Lookup_table!B:C,2,0) -> 0.2 | Z24: =IF(I24/K24<Y24, "Efficient Spend", "Inefficient Spend") -> Inefficient Spend | AA24: =VLOOKUP(H24, Lookup_table!E:F,2,0) -> Medium
A25: MKT1023 | B25: 45617 | C25: C363 | D25: 19 | E25: Male | F25: South Africa | G25: Google Ads | H25: Discount | I25: 820.68 | J25: 31180 | K25: 3849 | L25: 261 | M25: 3 | N25: 12.344452 | O25: 6.7809821 | P25: =IF(ISBLANK(M25), $S$2, M25) -> 3 | V25: =IF(AND(L25>200,K25>3000),"Top Performer", IF(AND(L25>=100,K25>=1000),"Average Performer","Low Performer")) -> Top Performer | W25: {=_xlfn.IFS(N25>=20, "High",N25>=10, "Medium", N25<10, "Low")} -> Medium | X25: =IF(I25>1000, "High Budget",IF(I25>=500, "Medium Budget", "Low Budget")) -> Medium Budget | Y25: =VLOOKUP(G25, Lookup_table!B:C,2,0) -> 1.2 | Z25: =IF(I25/K25<Y25, "Efficient Spend", "Inefficient Spend") -> Efficient Spend | AA25: =VLOOKUP(H25, Lookup_table!E:F,2,0) -> Medium
A26: MKT1024 | B26: 45604 | C26: C224 | D26: 42 | E26: Other | F26: UK | G26: Referral | H26: Discount | I26: 1019.29 | J26: 11855 | K26: 482 | L26: 113 | N26: 4.065795 | O26: 23.443983 | P26: =IF(ISBLANK(M26), $S$2, M26) -> 3 | V26: =IF(AND(L26>200,K26>3000),"Top Performer", IF(AND(L26>=100,K26>=1000),"Average Performer","Low Performer")) -> Low Performer | W26: {=_xlfn.IFS(N26>=20, "High",N26>=10, "Medium", N26<10, "Low")} -> Low | X26: =IF(I26>1000, "High Budget",IF(I26>=500, "Medium Budget", "Low Budget")) -> High Budget | Y26: =VLOOKUP(G26, Lookup_table!B:C,2,0) -> 0.3 | Z26: =IF(I26/K26<Y26, "Efficient Spend", "Inefficient Spend") -> Inefficient Spend | AA26: =VLOOKUP(H26, Lookup_table!E:F,2,0) -> Medium
A27: MKT1025 | B27: 45444 | C27: C338 | D27: 57 | E27: Female | F27: Ghana | G27: Instagram | H27: Holiday Promo | I27: 921.21 | J27: 33409 | K27: 3245 | L27: 6 | N27: 9.7129516 | O27: 0.18489985 | P27: =IF(ISBLANK(M27), $S$2, M27) -> 3 | V27: =IF(AND(L27>200,K27>3000),"Top Performer", IF(AND(L27>=100,K27>=1000),"Average Performer","Low Performer")) -> Low Performer | W27: {=_xlfn.IFS(N27>=20, "High",N27>=10, "Medium", N27<10, "Low")} -> Low | X27: =IF(I27>1000, "High Budget",IF(I27>=500, "Medium Budget", "Low Budget")) -> Medium Budget | Y27: =VLOOKUP(G27, Lookup_table!B:C,2,0) -> 0.75 | Z27: =IF(I27/K27<Y27, "Efficient Spend", "Inefficient Spend") -> Efficient Spend | AA27: =VLOOKUP(H27, Lookup_table!E:F,2,0) -> High
A28: MKT1026 | B28: 45475 | C28: C280 | D28: 54 | E28: Male | F28: Kenya | G28: Instagram | H28: Holiday Promo | I28: 312.38 | J28: 5193 | K28: 2334 | L28: 253 | M28: 2 | N28: 44.945118 | O28: 10.83976 | P28: =IF(ISBLANK(M28), $S$2, M28) -> 2 | V28: =IF(AND(L28>200,K28>3000),"Top Performer", IF(AND(L28>=100,K28>=1000),"Average Performer","Low Performer")) -> Average Performer | W28: {=_xlfn.IFS(N28>=20, "High",N28>=10, "Medium", N28<10, "Low")} -> High | X28: =IF(I28>1000, "High Budget",IF(I28>=500, "Medium Budget", "Low Budget")) -> Low Budget | Y28: =VLOOKUP(G28, Lookup_table!B:C,2,0) -> 0.75 | Z28: =IF(I28/K28<Y28, "Efficient Spend", "Inefficient Spend") -> Efficient Spend | AA28: =VLOOKUP(H28, Lookup_table!E:F,2,0) -> High
A29: MKT1027 | B29: 45404 | C29: C246 | E29: Female | G29: Google Ads | H29: Discount | I29: 1461.16 | J29: 29339 | K29: 2849 | L29: 67 | N29: 9.7106241 | O29: 2.3517024 | P29: =IF(ISBLANK(M29), $S$2, M29) -> 3 | V29: =IF(AND(L29>200,K29>3000),"Top Performer", IF(AND(L29>=100,K29>=1000),"Average Performer","Low Performer")) -> Low Performer | W29: {=_xlfn.IFS(N29>=20, "High",N29>=10, "Medium", N29<10, "Low")} -> Low | X29: =IF(I29>1000, "High Budget",IF(I29>=500, "Medium Budget", "Low Budget")) -> High Budget | Y29: =VLOOKUP(G29, Lookup_table!B:C,2,0) -> 1.2 | Z29: =IF(I29/K29<Y29, "Efficient Spend", "Inefficient Spend") -> Efficient Spend | AA29: =VLOOKUP(H29, Lookup_table!E:F,2,0) -> Medium
A30: MKT1028 | B30: 45543 | C30: C350 | D30: 40 | E30: Female | F30: USA | G30: Google Ads | H30: Discount | I30: 64.23 | J30: 14536 | K30: 2927 | L30: 375 | N30: 20.136214 | O30: 12.811753 | P30: =IF(ISBLANK(M30), $S$2, M30) -> 3 | V30: =IF(AND(L30>200,K30>3000),"Top Performer", IF(AND(L30>=100,K30>=1000),"Average Performer","Low Performer")) -> Average Performer | W30: {=_xlfn.IFS(N30>=20, "High",N30>=10, "Medium", N30<10, "Low")} -> High | X30: =IF(I30>1000, "High Budget",IF(I30>=500, "Medium Budget", "Low Budget")) -> Low Budget | Y30: =VLOOKUP(G30, Lookup_table!B:C,2,0) -> 1.2 | Z30: =IF(I30/K30<Y30, "Efficient Spend", "Inefficient Spend") -> Efficient Spend | AA30: =VLOOKUP(H30, Lookup_table!E:F,2,0) -> Medium
A31: MKT1029 | B31: 45481 | C31: C363 | D31: 61 | E31: Male | F31: USA | G31: Instagram | H31: Holiday Promo | I31: 987.76 | J31: 1245 | K31: 4323 | L31: 119 | M31: 5 | N31: 347.22892 | O31: 2.752718 | P31: =IF(ISBLANK(M31), $S$2, M31) -> 5 | U31: =COUNTIF(N27:N1000, N31>100) -> 0 | V31: =IF(AND(L31>200,K31>3000),"Top Performer", IF(AND(L31>=100,K31>=1000),"Average Performer","Low Performer")) -> Average Performer | W31: {=_xlfn.IFS(N31>=20, "High",N31>=10, "Medium", N31<10, "Low")} -> High | X31: =IF(I31>1000, "High Budget",IF(I31>=500, "Medium Budget", "Low Budget")) -> Medium Budget | Y31: =VLOOKUP(G31, Lookup_table!B:C,2,0) -> 0.75 | Z31: =IF(I31/K31<Y31, "Efficient Spend", "Inefficient Spend") -> Efficient Spend | AA31: =VLOOKUP(H31, Lookup_table!E:F,2,0) -> High
A32: MKT1030 | B32: 45582 | C32: C313 | D32: 19 | E32: Male | F32: Kenya | G32: Referral | H32: Product Launch | I32: 1670.14 | J32: 47856 | K32: 3265 | L32: 392 | M32: 3 | N32: 6.822551 | O32: 12.006126 | P32: =IF(ISBLANK(M32), $S$2, M32) -> 3 | V32: =IF(AND(L32>200,K32>3000),"Top Performer", IF(AND(L32>=100,K32>=1000),"Average Performer","Low Performer")) -> Top Performer | W32: {=_xlfn.IFS(N32>=20, "High",N32>=10, "Medium", N32<10, "Low")} -> Low | X32: =IF(I32>1000, "High Budget",IF(I32>=500, "Medium Budget", "Low Budget")) -> High Budget | Y32: =VLOOKUP(G32, Lookup_table!B:C,2,0) -> 0.3 | Z32: =IF(I32/K32<Y32, "Efficient Spend", "Inefficient Spend") -> Inefficient Spend | AA32: =VLOOKUP(H32, Lookup_table!E:F,2,0) -> High
A33: MKT1031 | B33: 45604 | C33: C207 | D33: 38 | E33: Male | F33: South Africa | G33: Facebook Ads | H33: Product Launch | I33: 1582.87 | J33: 18161 | K33: 3759 | L33: 384 | M33: 2 | N33: 20.698199 | O33: 10.215483 | P33: =IF(ISBLANK(M33), $S$2, M33) -> 2 | V33: =IF(AND(L33>200,K33>3000),"Top Performer", IF(AND(L33>=100,K33>=1000),"Average Performer","Low Performer")) -> Top Performer | W33: {=_xlfn.IFS(N33>=20, "High",N33>=10, "Medium", N33<10, "Low")} -> High | X33: =IF(I33>1000, "High Budget",IF(I33>=500, "Medium Budget", "Low Budget")) -> High Budget | Y33: =VLOOKUP(G33, Lookup_table!B:C,2,0) -> 0.5 | Z33: =IF(I33/K33<Y33, "Efficient Spend", "Inefficient Spend") -> Efficient Spend | AA33: =VLOOKUP(H33, Lookup_table!E:F,2,0) -> High
A34: MKT1032 | B34: 45493 | C34: C246 | D34: 26 | E34: Other | F34: USA | G34: Facebook Ads | H34: Holiday Promo | I34: 688.82 | J34: 44318 | K34: 2759 | L34: 389 | M34: 3 | N34: 6.2254614 | O34: 14.099311 | P34: =IF(ISBLANK(M34), $S$2, M34) -> 3 | V34: =IF(AND(L34>200,K34>3000),"Top Performer", IF(AND(L34>=100,K34>=1000),"Average Performer","Low Performer")) -> Average Performer | W34: {=_xlfn.IFS(N34>=20, "High",N34>=10, "Medium", N34<10, "Low")} -> Low | X34: =IF(I34>1000, "High Budget",IF(I34>=500, "Medium Budget", "Low Budget")) -> Medium Budget | Y34: =VLOOKUP(G34, Lookup_table!B:C,2,0) -> 0.5 | Z34: =IF(I34/K34<Y34, "Efficient Spend", "Inefficient Spend") -> Efficient Spend | AA34: =VLOOKUP(H34, Lookup_table!E:F,2,0) -> High
A35: MKT1033 | B35: 45330 | C35: C255 | D35: 41 | E35: Other | F35: Ghana | G35: Email | H35: Holiday Promo | I35: 1079.14 | J35: 48566 | K35: 610 | L35: 85 | N35: 1.2560227 | O35: 13.934426 | P35: =IF(ISBLANK(M35), $S$2, M35) -> 3 | V35: =IF(AND(L35>200,K35>3000),"Top Performer", IF(AND(L35>=100,K35>=1000),"Average Performer","Low Performer")) -> Low Performer | W35: {=_xlfn.IFS(N35>=20, "High",N35>=10, "Medium", N35<10, "Low")} -> #NAME? | X35: =IF(I35>1000, "High Budget",IF(I35>=500, "Medium Budget", "Low Budget")) -> High Budget | Y35: =VLOOKUP(G35, Lookup_table!B:C,2,0) -> 0.2 | Z35: =IF(I35/K35<Y35, "Efficient Spend", "Inefficient Spend") -> Inefficient Spend | AA35: =VLOOKUP(H35, Lookup_table!E:F,2,0) -> High
A36: MKT1034 | B36: 45552 | C36: C283 | D36: 64 | E36: Other | F36: South Africa | G36: Google Ads | H36: Brand Awareness | I36: 1823.94 | J36: 22377 | K36: 803 | L36: 72 | M36: 3 | N36: 3.5885061 | O36: 8.9663761 | P36: =IF(ISBLANK(M36), $S$2, M36) -> 3 | V36: =IF(AND(L36>200,K36>3000),"Top Performer", IF(AND(L36>=100,K36>=1000),"Average Performer","Low Performer")) -> Low Performer | W36: {=_xlfn.IFS(N36>=20, "High",N36>=10, "Medium", N36<10, "Low")} -> #NAME? | X36: =IF(I36>1000, "High Budget",IF(I36>=500, "Medium Budget", "Low Budget")) -> High Budget | Y36: =VLOOKUP(G36, Lookup_table!B:C,2,0) -> 1.2 | Z36: =IF(I36/K36<Y36, "Efficient Spend", "Inefficient Spend") -> Inefficient Spend | AA36: =VLOOKUP(H36, Lookup_table!E:F,2,0) -> Medium
A37: MKT1035 | B37: 45429 | C37: C334 | D37: 45 | E37: Male | F37: Ghana | G37: Email | H37: Brand Awareness | I37: 654.81 | J37: 38824 | K37: 1908 | L37: 68 | M37: 5 | N37: 4.9144859 | O37: 3.5639413 | P37: =IF(ISBLANK(M37), $S$2, M37) -> 5 | V37: =IF(AND(L37>200,K37>3000),"Top Performer", IF(AND(L37>=100,K37>=1000),"Average Performer","Low Performer")) -> Low Performer | W37: {=_xlfn.IFS(N37>=20, "High",N37>=10, "Medium", N37<10, "Low")} -> #NAME? | X37: =IF(I37>1000, "High Budget",IF(I37>=500, "Medium Budget", "Low Budget")) -> Medium Budget | Y37: =VLOOKUP(G37, Lookup_table!B:C,2,0) -> 0.2 | Z37: =IF(I37/K37<Y37, "Efficient Spend", "Inefficient Spend") -> Inefficient Spend | AA37: =VLOOKUP(H37, Lookup_table!E:F,2,0) -> Medium
A38: MKT1036 | B38: 45635 | C38: C288 | D38: 53 | E38: Other | F38: Nigeria | G38: Email | H38: Discount | I38: 1182.54 | J38: 26747 | K38: 100 | L38: 348 | M38: 4 | N38: 0.37387371 | O38: 348 | P38: =IF(ISBLANK(M38), $S$2, M38) -> 4 | V38: =IF(AND(L38>200,K38>3000),"Top Performer", IF(AND(L38>=100,K38>=1000),"Average Performer","Low Performer")) -> Low Performer | W38: {=_xlfn.IFS(N38>=20, "High",N38>=10, "Medium", N38<10, "Low")} -> #NAME? | X38: =IF(I38>1000, "High Budget",IF(I38>=500, "Medium Budget", "Low Budget")) -> High Budget | Y38: =VLOOKUP(G38, Lookup_table!B:C,2,0) -> 0.2 | Z38: =IF(I38/K38<Y38, "Efficient Spend", "Inefficient Spend") -> Inefficient Spend | AA38: =VLOOKUP(H38, Lookup_table!E:F,2,0) -> Medium
A39: MKT1037 | B39: 45487 | C39: C243 | E39: Other | G39: Facebook Ads | H39: Brand Awareness | I39: 1871.43 | J39: 43985 | K39: 2058 | L39: 237 | N39: 4.6788678 | O39: 11.516035 | P39: =IF(ISBLANK(M39), $S$2, M39) -> 3 | V39: =IF(AND(L39>200,K39>3000),"Top Performer", IF(AND(L39>=100,K39>=1000),"Average Performer","Low Performer")) -> Average Performer | W39: {=_xlfn.IFS(N39>=20, "High",N39>=10, "Medium", N39<10, "Low")} -> #NAME? | X39: =IF(I39>1000, "High Budget",IF(I39>=500, "Medium Budget", "Low Budget")) -> High Budget | Y39: =VLOOKUP(G39, Lookup_table!B:C,2,0) -> 0.5 | Z39: =IF(I39/K39<Y39, "Efficient Spend", "Inefficient Spend") -> Inefficient Spend | AA39: =VLOOKUP(H39, Lookup_table!E:F,2,0) -> Medium
A40: MKT1038 | B40: 45364 | C40: C263 | D40: 40 | E40: Female | F40: USA | G40: Google Ads | H40: Brand Awareness | I40: 1909.57 | J40: 38605 | K40: 1277 | L40: 345 | N40: 3.3078617 | O40: 27.016445 | P40: =IF(ISBLANK(M40), $S$2, M40) -> 3 | V40: =IF(AND(L40>200,K40>3000),"Top Performer", IF(AND(L40>=100,K40>=1000),"Average Performer","Low Performer")) -> Average Performer | W40: {=_xlfn.IFS(N40>=20, "High",N40>=10, "Medium", N40<10, "Low")} -> #NAME? | X40: =IF(I40>1000, "High Budget",IF(I40>=500, "Medium Budget", "Low Budget")) -> High Budget | Y40: =VLOOKUP(G40, Lookup_table!B:C,2,0) -> 1.2 | Z40: =IF(I40/K40<Y40, "Efficient Spend", "Inefficient Spend") -> Inefficient Spend | AA40: =VLOOKUP(H40, Lookup_table!E:F,2,0) -> Medium
A41: MKT1039 | B41: 45631 | C41: C339 | D41: 43 | E41: Female | F41: USA | G41: Referral | H41: Holiday Promo | I41: 1376.17 | J41: 15902 | K41: 526 | L41: 289 | M41: 5 | N41: 3.30776 | O41: 54.942966 | P41: =IF(ISBLANK(M41), $S$2, M41) -> 5 | V41: =IF(AND(L41>200,K41>3000),"Top Performer", IF(AND(L41>=100,K41>=1000),"Average Performer","Low Performer")) -> Low Performer | W41: {=_xlfn.IFS(N41>=20, "High",N41>=10, "Medium", N41<10, "Low")} -> #NAME? | X41: =IF(I41>1000, "High Budget",IF(I41>=500, "Medium Budget", "Low Budget")) -> High Budget | Y41: =VLOOKUP(G41, Lookup_table!B:C,2,0) -> 0.3 | Z41: =IF(I41/K41<Y41, "Efficient Spend", "Inefficient Spend") -> Inefficient Spend | AA41: =VLOOKUP(H41, Lookup_table!E:F,2,0) -> High
A42: MKT1040 | B42: 45549 | C42: C370 | D42: 43 | E42: Male | F42: South Africa | G42: Google Ads | H42: Brand Awareness | I42: 1962.25 | J42: 37012 | K42: 4018 | L42: 70 | M42: 1 | N42: 10.855939 | O42: 1.7421603 | P42: =IF(ISBLANK(M42), $S$2, M42) -> 1 | V42: =IF(AND(L42>200,K42>3000),"Top Performer", IF(AND(L42>=100,K42>=1000),"Average Performer","Low Performer")) -> Low Performer | W42: {=_xlfn.IFS(N42>=20, "High",N42>=10, "Medium", N42<10, "Low")} -> #NAME? | X42: =IF(I42>1000, "High Budget",IF(I42>=500, "Medium Budget", "Low Budget")) -> High Budget | Y42: =VLOOKUP(G42, Lookup_table!B:C,2,0) -> 1.2 | Z42: =IF(I42/K42<Y42, "Efficient Spend", "Inefficient Spend") -> Efficient Spend | AA42: =VLOOKUP(H42, Lookup_table!E:F,2,0) -> Medium
A43: MKT1041 | B43: 45484 | C43: C293 | D43: 64 | E43: Other | F43: Kenya | G43: Facebook Ads | H43: Discount | I43: 1563.06 | J43: 41009 | K43: 2687 | L43: 126 | N43: 6.5522202 | O43: 4.6892445 | P43: =IF(ISBLANK(M43), $S$2, M43) -> 3 | V43: =IF(AND(L43>200,K43>3000),"Top Performer", IF(AND(L43>=100,K43>=1000),"Average Performer","Low Performer")) -> Average Performer | W43: {=_xlfn.IFS(N43>=20, "High",N43>=10, "Medium", N43<10, "Low")} -> #NAME? | X43: =IF(I43>1000, "High Budget",IF(I43>=500, "Medium Budget", "Low Budget")) -> High Budget | Y43: =VLOOKUP(G43, Lookup_table!B:C,2,0) -> 0.5 | Z43: =IF(I43/K43<Y43, "Efficient Spend", "Inefficient Spend") -> Inefficient Spend | AA43: =VLOOKUP(H43, Lookup_table!E:F,2,0) -> Medium
A44: MKT1042 | B44: 45641 | C44: C366 | D44: 48 | E44: Male | F44: USA | G44: Facebook Ads | H44: Holiday Promo | I44: 1949.17 | J44: 7283 | K44: 4633 | L44: 399 | M44: 3 | N44: 63.613895 | O44: 8.6121304 | P44: =IF(ISBLANK(M44), $S$2, M44) -> 3 | V44: =IF(AND(L44>200,K44>3000),"Top Performer", IF(AND(L44>=100,K44>=1000),"Average Performer","Low Performer")) -> Top Performer | W44: {=_xlfn.IFS(N44>=20, "High",N44>=10, "Medium", N44<10, "Low")} -> #NAME? | X44: =IF(I44>1000, "High Budget",IF(I44>=500, "Medium Budget", "Low Budget")) -> High Budget | Y44: =VLOOKUP(G44, Lookup_table!B:C,2,0) -> 0.5 | Z44: =IF(I44/K44<Y44, "Efficient Spend", "Inefficient Spend") -> Efficient Spend | AA44: =VLOOKUP(H44, Lookup_table!E:F,2,0) -> High
A45: MKT1043 | B45: 45384 | C45: C234 | D45: 60 | E45: Other | F45: Nigeria | G45: Instagram | H45: Discount | I45: 1359.28 | J45: 3809 | K45: 831 | L45: 263 | M45: 4 | N45: 21.81675 | O45: 31.648616 | P45: =IF(ISBLANK(M45), $S$2, M45) -> 4 | V45: =IF(AND(L45>200,K45>3000),"Top Performer", IF(AND(L45>=100,K45>=1000),"Average Performer","Low Performer")) -> Low Performer | W45: {=_xlfn.IFS(N45>=20, "High",N45>=10, "Medium", N45<10, "Low")} -> #NAME? | X45: =IF(I45>1000, "High Budget",IF(I45>=500, "Medium Budget", "Low Budget")) -> High Budget | Y45: =VLOOKUP(G45, Lookup_table!B:C,2,0) -> 0.75 | Z45: =IF(I45/K45<Y45, "Efficient Spend", "Inefficient Spend") -> Inefficient Spend | AA45: =VLOOKUP(H45, Lookup_table!E:F,2,0) -> Medium
A46: MKT1044 | B46: 45544 | C46: C304 | D46: 30 | E46: Male | F46: Ghana | G46: Email | H46: Product Launch | I46: 1323.7 | J46: 42287 | K46: 2796 | L46: 285 | M46: 5 | N46: 6.6119611 | O46: 10.193133 | P46: =IF(ISBLANK(M46), $S$2, M46) -> 5 | V46: =IF(AND(L46>200,K46>3000),"Top Performer", IF(AND(L46>=100,K46>=1000),"Average Performer","Low Performer")) -> Average Performer | W46: {=_xlfn.IFS(N46>=20, "High",N46>=10, "Medium", N46<10, "Low")} -> #NAME? | X46: =IF(I46>1000, "High Budget",IF(I46>=500, "Medium Budget", "Low Budget")) -> High Budget | Y46: =VLOOKUP(G46, Lookup_table!B:C,2,0) -> 0.2 | Z46: =IF(I46/K46<Y46, "Efficient Spend", "Inefficient Spend") -> Inefficient Spend | AA46: =VLOOKUP(H46, Lookup_table!E:F,2,0) -> High
A47: MKT1045 | B47: 45363 | C47: C209 | D47: 64 | E47: Other | F47: Kenya | G47: Email | H47: Holiday Promo | I47: 162.71 | J47: 28327 | K47: 3653 | L47: 341 | M47: 5 | N47: 12.895824 | O47: 9.3347933 | P47: =IF(ISBLANK(M47), $S$2, M47) -> 5 | V47: =IF(AND(L47>200,K47>3000),"Top Performer", IF(AND(L47>=100,K47>=1000),"Average Performer","Low Performer")) -> Top Performer | W47: {=_xlfn.IFS(N47>=20, "High",N47>=10, "Medium", N47<10, "Low")} -> #NAME? | X47: =IF(I47>1000, "High Budget",IF(I47>=500, "Medium Budget", "Low Budget")) -> Low Budget | Y47: =VLOOKUP(G47, Lookup_table!B:C,2,0) -> 0.2 | Z47: =IF(I47/K47<Y47, "Efficient Spend", "Inefficient Spend") -> Efficient Spend | AA47: =VLOOKUP(H47, Lookup_table!E:F,2,0) -> High
A48: MKT1046 | B48: 45571 | C48: C224 | D48: 63 | E48: Other | F48: USA | G48: Referral | H48: Discount | I48: 1004.84 | J48: 38048 | K48: 1079 | L48: 77 | M48: 4 | N48: 2.8358915 | O48: 7.1362373 | P48: =IF(ISBLANK(M48), $S$2, M48) -> 4 | V48: =IF(AND(L48>200,K48>3000),"Top Performer", IF(AND(L48>=100,K48>=1000),"Average Performer","Low Performer")) -> Low Performer | W48: {=_xlfn.IFS(N48>=20, "High",N48>=10, "Medium", N48<10, "Low")} -> #NAME? | X48: =IF(I48>1000, "High Budget",IF(I48>=500, "Medium Budget", "Low Budget")) -> High Budget | Y48: =VLOOKUP(G48, Lookup_table!B:C,2,0) -> 0.3 | Z48: =IF(I48/K48<Y48, "Efficient Spend", "Inefficient Spend") -> Inefficient Spend | AA48: =VLOOKUP(H48, Lookup_table!E:F,2,0) -> Medium
A49: MKT1047 | B49: 45302 | C49: C377 | D49: 41 | E49: Other | F49: Nigeria | G49: Instagram | H49: Product Launch | I49: 694.66 | J49: 30529 | K49: 26 | L49: 96 | M49: 2 | N49: 0.085164925 | O49: 369.23077 | P49: =IF(ISBLANK(M49), $S$2, M49) -> 2 | V49: =IF(AND(L49>200,K49>3000),"Top Performer", IF(AND(L49>=100,K49>=1000),"Average Performer","Low Performer")) -> Low Performer | W49: {=_xlfn.IFS(N49>=20, "High",N49>=10, "Medium", N49<10, "Low")} -> #NAME? | X49: =IF(I49>1000, "High Budget",IF(I49>=500, "Medium Budget", "Low Budget")) -> Medium Budget | Y49: =VLOOKUP(G49, Lookup_table!B:C,2,0) -> 0.75 | Z49: =IF(I49/K49<Y49, "Efficient Spend", "Inefficient Spend") -> Inefficient Spend | AA49: =VLOOKUP(H49, Lookup_table!E:F,2,0) -> High
A50: MKT1048 | B50: 45525 | C50: C382 | D50: 56 | E50: Male | F50: South Africa | G50: Google Ads | H50: Product Launch | I50: 138.05 | J50: 17610 | K50: 4239 | L50: 114 | M50: 2 | N50: 24.07155 | O50: 2.6893135 | P50: =IF(ISBLANK(M50), $S$2, M50) -> 2 | V50: =IF(AND(L50>200,K50>3000),"Top Performer", IF(AND(L50>=100,K50>=1000),"Average Performer","Low Performer")) -> Average Performer | W50: {=_xlfn.IFS(N50>=20, "High",N50>=10, "Medium", N50<10, "Low")} -> #NAME? | X50: =IF(I50>1000, "High Budget",IF(I50>=500, "Medium Budget", "Low Budget")) -> Low Budget | Y50: =VLOOKUP(G50, Lookup_table!B:C,2,0) -> 1.2 | Z50: =IF(I50/K50<Y50, "Efficient Spend", "Inefficient Spend") -> Efficient Spend | AA50: =VLOOKUP(H50, Lookup_table!E:F,2,0) -> High
A51: MKT1049 | B51: 45583 | C51: C241 | D51: 42 | E51: Male | F51: USA | G51: Google Ads | H51: Brand Awareness | I51: 1288.67 | J51: 33696 | K51: 3552 | L51: 279 | M51: 1 | N51: 10.541311 | O51: 7.8547297 | P51: =IF(ISBLANK(M51), $S$2, M51) -> 1 | V51: =IF(AND(L51>200,K51>3000),"Top Performer", IF(AND(L51>=100,K51>=1000),"Average Performer","Low Performer")) -> Top Performer | W51: {=_xlfn.IFS(N51>=20, "High",N51>=10, "Medium", N51<10, "Low")} -> #NAME? | X51: =IF(I51>1000, "High Budget",IF(I51>=500, "Medium Budget", "Low Budget")) -> High Budget | Y51: =VLOOKUP(G51, Lookup_table!B:C,2,0) -> 1.2 | Z51: =IF(I51/K51<Y51, "Efficient Spend", "Inefficient Spend") -> Efficient Spend | AA51: =VLOOKUP(H51, Lookup_table!E:F,2,0) -> Medium
A52: MKT1050 | B52: 45609 | C52: C217 | D52: 40 | E52: Other | F52: UK | G52: Instagram | H52: Product Launch | I52: 1943.85 | J52: 46596 | K52: 3817 | L52: 121 | M52: 1 | N52: 8.1916903 | O52: 3.1700288 | P52: =IF(ISBLANK(M52), $S$2, M52) -> 1 | V52: =IF(AND(L52>200,K52>3000),"Top Performer", IF(AND(L52>=100,K52>=1000),"Average Performer","Low Performer")) -> Average Performer | W52: {=_xlfn.IFS(N52>=20, "High",N52>=10, "Medium", N52<10, "Low")} -> #NAME? | X52: =IF(I52>1000, "High Budget",IF(I52>=500, "Medium Budget", "Low Budget")) -> High Budget | Y52: =VLOOKUP(G52, Lookup_table!B:C,2,0) -> 0.75 | Z52: =IF(I52/K52<Y52, "Efficient Spend", "Inefficient Spend") -> Efficient Spend | AA52: =VLOOKUP(H52, Lookup_table!E:F,2,0) -> High
A53: MKT1051 | B53: 45443 | C53: C368 | D53: 45 | E53: Male | F53: South Africa | G53: Google Ads | H53: Brand Awareness | I53: 1164.96 | J53: 28535 | K53: 2338 | L53: 326 | M53: 2 | N53: 8.1934466 | O53: 13.943541 | P53: =IF(ISBLANK(M53), $S$2, M53) -> 2 | V53: =IF(AND(L53>200,K53>3000),"Top Performer", IF(AND(L53>=100,K53>=1000),"Average Performer","Low Performer")) -> Average Performer | W53: {=_xlfn.IFS(N53>=20, "High",N53>=10, "Medium", N53<10, "Low")} -> #NAME? | X53: =IF(I53>1000, "High Budget",IF(I53>=500, "Medium Budget", "Low Budget")) -> High Budget | Y53: =VLOOKUP(G53, Lookup_table!B:C,2,0) -> 1.2 | Z53: =IF(I53/K53<Y53, "Efficient Spend", "Inefficient Spend") -> Efficient Spend | AA53: =VLOOKUP(H53, Lookup_table!E:F,2,0) -> Medium
A54: MKT1052 | B54: 45384 | C54: C356 | D54: 20 | E54: Other | F54: Kenya | G54: Instagram | H54: Holiday Promo | I54: 741.59 | J54: 2451 | K54: 3558 | L54: 296 | M54: 3 | N54: 145.16524 | O54: 8.3192805 | P54: =IF(ISBLANK(M54), $S$2, M54) -> 3 | U54: =COUNTIF(N50:N1000, N54>100) -> 0 | V54: =IF(AND(L54>200,K54>3000),"Top Performer", IF(AND(L54>=100,K54>=1000),"Average Performer","Low Performer")) -> Top Performer | W54: {=_xlfn.IFS(N54>=20, "High",N54>=10, "Medium", N54<10, "Low")} -> #NAME? | X54: =IF(I54>1000, "High Budget",IF(I54>=500, "Medium Budget", "Low Budget")) -> Medium Budget | Y54: =VLOOKUP(G54, Lookup_table!B:C,2,0) -> 0.75 | Z54: =IF(I54/K54<Y54, "Efficient Spend", "Inefficient Spend") -> Efficient Spend | AA54: =VLOOKUP(H54, Lookup_table!E:F,2,0) -> High
A55: MKT1053 | B55: 45539 | C55: C340 | D55: 36 | E55: Other | F55: Ghana | G55: Google Ads | H55: Holiday Promo | I55: 1892.73 | J55: 21272 | K55: 1201 | L55: 365 | M55: 4 | N55: 5.6459195 | O55: 30.391341 | P55: =IF(ISBLANK(M55), $S$2, M55) -> 4 | V55: =IF(AND(L55>200,K55>3000),"Top Performer", IF(AND(L55>=100,K55>=1000),"Average Performer","Low Performer")) -> Average Performer | W55: {=_xlfn.IFS(N55>=20, "High",N55>=10, "Medium", N55<10, "Low")} -> #NAME? | X55: =IF(I55>1000, "High Budget",IF(I55>=500, "Medium Budget", "Low Budget")) -> High Budget | Y55: =VLOOKUP(G55, Lookup_table!B:C,2,0) -> 1.2 | Z55: =IF(I55/K55<Y55, "Efficient Spend", "Inefficient Spend") -> Inefficient Spend | AA55: =VLOOKUP(H55, Lookup_table!E:F,2,0) -> High
A56: MKT1054 | B56: 45516 | C56: C299 | D56: 61 | E56: Male | F56: Kenya | G56: Instagram | H56: Holiday Promo | I56: 1379.45 | J56: 724 | K56: 229 | L56: 157 | N56: 31.629834 | O56: 68.558952 | P56: =IF(ISBLANK(M56), $S$2, M56) -> 3 | V56: =IF(AND(L56>200,K56>3000),"Top Performer", IF(AND(L56>=100,K56>=1000),"Average Performer","Low Performer")) -> Low Performer | W56: {=_xlfn.IFS(N56>=20, "High",N56>=10, "Medium", N56<10, "Low")} -> #NAME? | X56: =IF(I56>1000, "High Budget",IF(I56>=500, "Medium Budget", "Low Budget")) -> High Budget | Y56: =VLOOKUP(G56, Lookup_table!B:C,2,0) -> 0.75 | Z56: =IF(I56/K56<Y56, "Efficient Spend", "Inefficient Spend") -> Inefficient Spend | AA56: =VLOOKUP(H56, Lookup_table!E:F,2,0) -> High
A57: MKT1055 | B57: 45441 | C57: C360 | D57: 55 | E57: Male | F57: Nigeria | G57: Email | H57: Product Launch | I57: 355.66 | J57: 1683 | K57: 547 | L57: 299 | M57: 1 | N57: 32.501485 | O57: 54.661792 | P57: =IF(ISBLANK(M57), $S$2, M57) -> 1 | V57: =IF(AND(L57>200,K57>3000),"Top Performer", IF(AND(L57>=100,K57>=1000),"Average Performer","Low Performer")) -> Low Performer | W57: {=_xlfn.IFS(N57>=20, "High",N57>=10, "Medium", N57<10, "Low")} -> #NAME? | X57: =IF(I57>1000, "High Budget",IF(I57>=500, "Medium Budget", "Low Budget")) -> Low Budget | Y57: =VLOOKUP(G57, Lookup_table!B:C,2,0) -> 0.2 | Z57: =IF(I57/K57<Y57, "Efficient Spend", "Inefficient Spend") -> Inefficient Spend | AA57: =VLOOKUP(H57, Lookup_table!E:F,2,0) -> High
A58: MKT1056 | B58: 45648 | C58: C248 | D58: 35 | E58: Female | F58: UK | G58: Instagram | H58: Holiday Promo | I58: 1233.05 | J58: 43478 | K58: 1045 | L58: 301 | M58: 2 | N58: 2.4035144 | O58: 28.803828 | P58: =IF(ISBLANK(M58), $S$2, M58) -> 2 | V58: =IF(AND(L58>200,K58>3000),"Top Performer", IF(AND(L58>=100,K58>=1000),"Average Performer","Low Performer")) -> Average Performer | W58: {=_xlfn.IFS(N58>=20, "High",N58>=10, "Medium", N58<10, "Low")} -> #NAME? | X58: =IF(I58>1000, "High Budget",IF(I58>=500, "Medium Budget", "Low Budget")) -> High Budget | Y58: =VLOOKUP(G58, Lookup_table!B:C,2,0) -> 0.75 | Z58: =IF(I58/K58<Y58, "Efficient Spend", "Inefficient Spend") -> Inefficient Spend | AA58: =VLOOKUP(H58, Lookup_table!E:F,2,0) -> High
A59: MKT1057 | B59: 45359 | C59: C340 | D59: 35 | E59: Other | F59: South Africa | G59: Email | H59: Discount | I59: 1720.54 | J59: 15509 | K59: 1482 | L59: 356 | M59: 3 | N59: 9.5557418 | O59: 24.021592 | P59: =IF(ISBLANK(M59), $S$2, M59) -> 3 | V59: =IF(AND(L59>200,K59>3000),"Top Performer", IF(AND(L59>=100,K59>=1000),"Average Performer","Low Performer")) -> Average Performer | W59: {=_xlfn.IFS(N59>=20, "High",N59>=10, "Medium", N59<10, "Low")} -> #NAME? | X59: =IF(I59>1000, "High Budget",IF(I59>=500, "Medium Budget", "Low Budget")) -> High Budget | Y59: =VLOOKUP(G59, Lookup_table!B:C,2,0) -> 0.2 | Z59: =IF(I59/K59<Y59, "Efficient Spend", "Inefficient Spend") -> Inefficient Spend | AA59: =VLOOKUP(H59, Lookup_table!E:F,2,0) -> Medium
A60: MKT1058 | B60: 45511 | C60: C214 | D60: 22 | E60: Other | F60: USA | G60: Instagram | H60: Holiday Promo | I60: 1566.16 | J60: 28529 | K60: 839 | L60: 361 | M60: 1 | N60: 2.9408672 | O60: 43.027414 | P60: =IF(ISBLANK(M60), $S$2, M60) -> 1 | V60: =IF(AND(L60>200,K60>3000),"Top Performer", IF(AND(L60>=100,K60>=1000),"Average Performer","Low Performer")) -> Low Performer | W60: {=_xlfn.IFS(N60>=20, "High",N60>=10, "Medium", N60<10, "Low")} -> #NAME? | X60: =IF(I60>1000, "High Budget",IF(I60>=500, "Medium Budget", "Low Budget")) -> High Budget | Y60: =VLOOKUP(G60, Lookup_table!B:C,2,0) -> 0.75 | Z60: =IF(I60/K60<Y60, "Efficient Spend", "Inefficient Spend") -> Inefficient Spend | AA60: =VLOOKUP(H60, Lookup_table!E:F,2,0) -> High
A61: MKT1059 | B61: 45311 | C61: C363 | D61: 43 | E61: Male | F61: Ghana | G61: Referral | H61: Holiday Promo | I61: 1018.6 | J61: 2989 | K61: 713 | L61: 105 | M61: 5 | N61: 23.854132 | O61: 14.726508 | P61: =IF(ISBLANK(M61), $S$2, M61) -> 5 | V61: =IF(AND(L61>200,K61>3000),"Top Performer", IF(AND(L61>=100,K61>=1000),"Average Performer","Low Performer")) -> Low Performer | W61: {=_xlfn.IFS(N61>=20, "High",N61>=10, "Medium", N61<10, "Low")} -> #NAME? | X61: =IF(I61>1000, "High Budget",IF(I61>=500, "Medium Budget", "Low Budget")) -> High Budget | Y61: =VLOOKUP(G61, Lookup_table!B:C,2,0) -> 0.3 | Z61: =IF(I61/K61<Y61, "Efficient Spend", "Inefficient Spend") -> Inefficient Spend | AA61: =VLOOKUP(H61, Lookup_table!E:F,2,0) -> High
A62: MKT1060 | B62: 45296 | C62: C303 | D62: 47 | E62: Female | F62: Nigeria | G62: Email | H62: Product Launch | I62: 1383.45 | J62: 38648 | K62: 2706 | L62: 393 | M62: 2 | N62: 7.001656 | O62: 14.523282 | P62: =IF(ISBLANK(M62), $S$2, M62) -> 2 | V62: =IF(AND(L62>200,K62>3000),"Top Performer", IF(AND(L62>=100,K62>=1000),"Average Performer","Low Performer")) -> Average Performer | W62: {=_xlfn.IFS(N62>=20, "High",N62>=10, "Medium", N62<10, "Low")} -> #NAME? | X62: =IF(I62>1000, "High Budget",IF(I62>=500, "Medium Budget", "Low Budget")) -> High Budget | Y62: =VLOOKUP(G62, Lookup_table!B:C,2,0) -> 0.2 | Z62: =IF(I62/K62<Y62, "Efficient Spend", "Inefficient Spend") -> Inefficient Spend | AA62: =VLOOKUP(H62, Lookup_table!E:F,2,0) -> High
A63: MKT1061 | B63: 45567 | C63: C269 | D63: 29 | E63: Male | F63: Kenya | G63: Facebook Ads | H63: Product Launch | I63: 1772.21 | J63: 38917 | K63: 4997 | L63: 57 | M63: 1 | N63: 12.840147 | O63: 1.1406844 | P63: =IF(ISBLANK(M63), $S$2, M63) -> 1 | V63: =IF(AND(L63>200,K63>3000),"Top Performer", IF(AND(L63>=100,K63>=1000),"Average Performer","Low Performer")) -> Low Performer | W63: {=_xlfn.IFS(N63>=20, "High",N63>=10, "Medium", N63<10, "Low")} -> #NAME? | X63: =IF(I63>1000, "High Budget",IF(I63>=500, "Medium Budget", "Low Budget")) -> High Budget | Y63: =VLOOKUP(G63, Lookup_table!B:C,2,0) -> 0.5 | Z63: =IF(I63/K63<Y63, "Efficient Spend", "Inefficient Spend") -> Efficient Spend | AA63: =VLOOKUP(H63, Lookup_table!E:F,2,0) -> High
A64: MKT1062 | B64: 45325 | C64: C356 | D64: 55 | E64: Other | F64: Nigeria | G64: Email | H64: Brand Awareness | I64: 1493.49 | J64: 624 | K64: 2762 | L64: 119 | M64: 4 | N64: 442.62821 | O64: 4.3084721 | P64: =IF(ISBLANK(M64), $S$2, M64) -> 4 | U64: =COUNTIF(N60:N1000, N64>100) -> 0 | V64: =IF(AND(L64>200,K64>3000),"Top Performer", IF(AND(L64>=100,K64>=1000),"Average Performer","Low Performer")) -> Average Performer | W64: {=_xlfn.IFS(N64>=20, "High",N64>=10, "Medium", N64<10, "Low")} -> #NAME? | X64: =IF(I64>1000, "High Budget",IF(I64>=500, "Medium Budget", "Low Budget")) -> High Budget | Y64: =VLOOKUP(G64, Lookup_table!B:C,2,0) -> 0.2 | Z64: =IF(I64/K64<Y64, "Efficient Spend", "Inefficient Spend") -> Inefficient Spend | AA64: =VLOOKUP(H64, Lookup_table!E:F,2,0) -> Medium
A65: MKT1063 | B65: 45415 | C65: C297 | D65: 49 | E65: Female | F65: Ghana | G65: Instagram | H65: Brand Awareness | I65: 1154.26 | J65: 1058 | K65: 2216 | L65: 260 | N65: 209.4518 | O65: 11.732852 | P65: =IF(ISBLANK(M65), $S$2, M65) -> 3 | U65: =COUNTIF(N61:N1001, N65>100) -> 0 | V65: =IF(AND(L65>200,K65>3000),"Top Performer", IF(AND(L65>=100,K65>=1000),"Average Performer","Low Performer")) -> Average Performer | W65: {=_xlfn.IFS(N65>=20, "High",N65>=10, "Medium", N65<10, "Low")} -> #NAME? | X65: =IF(I65>1000, "High Budget",IF(I65>=500, "Medium Budget", "Low Budget")) -> High Budget | Y65: =VLOOKUP(G65, Lookup_table!B:C,2,0) -> 0.75 | Z65: =IF(I65/K65<Y65, "Efficient Spend", "Inefficient Spend") -> Efficient Spend | AA65: =VLOOKUP(H65, Lookup_table!E:F,2,0) -> Medium
A66: MKT1064 | B66: 45578 | C66: C244 | D66: 21 | E66: Other | F66: South Africa | G66: Facebook Ads | H66: Discount | I66: 1956.26 | J66: 37867 | K66: 3402 | L66: 382 | M66: 5 | N66: 8.9840758 | O66: 11.228689 | P66: =IF(ISBLANK(M66), $S$2, M66) -> 5 | V66: =IF(AND(L66>200,K66>3000),"Top Performer", IF(AND(L66>=100,K66>=1000),"Average Performer","Low Performer")) -> Top Performer | W66: {=_xlfn.IFS(N66>=20, "High",N66>=10, "Medium", N66<10, "Low")} -> #NAME? | X66: =IF(I66>1000, "High Budget",IF(I66>=500, "Medium Budget", "Low Budget")) -> High Budget | Y66: =VLOOKUP(G66, Lookup_table!B:C,2,0) -> 0.5 | Z66: =IF(I66/K66<Y66, "Efficient Spend", "Inefficient Spend") -> Inefficient Spend | AA66: =VLOOKUP(H66, Lookup_table!E:F,2,0) -> Medium
A67: MKT1065 | B67: 45477 | C67: C267 | D67: 48 | E67: Male | F67: Nigeria | G67: Referral | H67: Product Launch | I67: 168.77 | J67: 27081 | K67: 2077 | L67: 32 | N67: 7.6695838 | O67: 1.5406837 | P67: =IF(ISBLANK(M67), $S$2, M67) -> 3 | V67: =IF(AND(L67>200,K67>3000),"Top Performer", IF(AND(L67>=100,K67>=1000),"Average Performer","Low Performer")) -> Low Performer | W67: {=_xlfn.IFS(N67>=20, "High",N67>=10, "Medium", N67<10, "Low")} -> #NAME? | X67: =IF(I67>1000, "High Budget",IF(I67>=500, "Medium Budget", "Low Budget")) -> Low Budget | Y67: =VLOOKUP(G67, Lookup_table!B:C,2,0) -> 0.3 | Z67: =IF(I67/K67<Y67, "Efficient Spend", "Inefficient Spend") -> Efficient Spend | AA67: =VLOOKUP(H67, Lookup_table!E:F,2,0) -> High
A68: MKT1066 | B68: 45521 | C68: C371 | D68: 31 | E68: Male | F68: UK | G68: Referral | H68: Discount | I68: 661.87 | J68: 11233 | K68: 824 | L68: 10 | M68: 2 | N68: 7.3355292 | O68: 1.2135922 | P68: =IF(ISBLANK(M68), $S$2, M68) -> 2 | V68: =IF(AND(L68>200,K68>3000),"Top Performer", IF(AND(L68>=100,K68>=1000),"Average Performer","Low Performer")) -> Low Performer | W68: {=_xlfn.IFS(N68>=20, "High",N68>=10, "Medium", N68<10, "Low")} -> #NAME? | X68: =IF(I68>1000, "High Budget",IF(I68>=500, "Medium Budget", "Low Budget")) -> Medium Budget | Y68: =VLOOKUP(G68, Lookup_table!B:C,2,0) -> 0.3 | Z68: =IF(I68/K68<Y68, "Efficient Spend", "Inefficient Spend") -> Inefficient Spend | AA68: =VLOOKUP(H68, Lookup_table!E:F,2,0) -> Medium
A69: MKT1067 | B69: 45621 | C69: C373 | D69: 23 | E69: Other | F69: Kenya | G69: Facebook Ads | H69: Discount | I69: 1911.99 | J69: 25029 | K69: 4641 | L69: 169 | M69: 3 | N69: 18.542491 | O69: 3.6414566 | P69: =IF(ISBLANK(M69), $S$2, M69) -> 3 | V69: =IF(AND(L69>200,K69>3000),"Top Performer", IF(AND(L69>=100,K69>=1000),"Average Performer","Low Performer")) -> Average Performer | W69: {=_xlfn.IFS(N69>=20, "High",N69>=10, "Medium", N69<10, "Low")} -> #NAME? | X69: =IF(I69>1000, "High Budget",IF(I69>=500, "Medium Budget", "Low Budget")) -> High Budget | Y69: =VLOOKUP(G69, Lookup_table!B:C,2,0) -> 0.5 | Z69: =IF(I69/K69<Y69, "Efficient Spend", "Inefficient Spend") -> Efficient Spend | AA69: =VLOOKUP(H69, Lookup_table!E:F,2,0) -> Medium
A70: MKT1068 | B70: 45422 | C70: C367 | D70: 57 | E70: Male | F70: USA | G70: Instagram | H70: Holiday Promo | I70: 110.41 | J70: 5090 | K70: 3051 | L70: 27 | M70: 5 | N70: 59.941061 | O70: 0.88495575 | P70: =IF(ISBLANK(M70), $S$2, M70) -> 5 | V70: =IF(AND(L70>200,K70>3000),"Top Performer", IF(AND(L70>=100,K70>=1000),"Average Performer","Low Performer")) -> Low Performer | W70: {=_xlfn.IFS(N70>=20, "High",N70>=10, "Medium", N70<10, "Low")} -> #NAME? | X70: =IF(I70>1000, "High Budget",IF(I70>=500, "Medium Budget", "Low Budget")) -> Low Budget | Y70: =VLOOKUP(G70, Lookup_table!B:C,2,0) -> 0.75 | Z70: =IF(I70/K70<Y70, "Efficient Spend", "Inefficient Spend") -> Efficient Spend | AA70: =VLOOKUP(H70, Lookup_table!E:F,2,0) -> High
A71: MKT1069 | B71: 45375 | C71: C371 | D71: 18 | E71: Female | F71: USA | G71: Google Ads | H71: Holiday Promo | I71: 1409.27 | J71: 37239 | K71: 2554 | L71: 347 | N71: 6.8584011 | O71: 13.586531 | P71: =IF(ISBLANK(M71), $S$2, M71) -> 3 | V71: =IF(AND(L71>200,K71>3000),"Top Performer", IF(AND(L71>=100,K71>=1000),"Average Performer","Low Performer")) -> Average Performer | W71: {=_xlfn.IFS(N71>=20, "High",N71>=10, "Medium", N71<10, "Low")} -> #NAME? | X71: =IF(I71>1000, "High Budget",IF(I71>=500, "Medium Budget", "Low Budget")) -> High Budget | Y71: =VLOOKUP(G71, Lookup_table!B:C,2,0) -> 1.2 | Z71: =IF(I71/K71<Y71, "Efficient Spend", "Inefficient Spend") -> Efficient Spend | AA71: =VLOOKUP(H71, Lookup_table!E:F,2,0) -> High
A72: MKT1070 | B72: 45313 | C72: C330 | D72: 60 | E72: Male | F72: Kenya | G72: Instagram | H72: Brand Awareness | I72: 1082.13 | J72: 13277 | K72: 4785 | L72: 252 | M72: 1 | N72: 36.039768 | O72: 5.2664577 | P72: =IF(ISBLANK(M72), $S$2, M72) -> 1 | V72: =IF(AND(L72>200,K72>3000),"Top Performer", IF(AND(L72>=100,K72>=1000),"Average Performer","Low Performer")) -> Top Performer | W72: {=_xlfn.IFS(N72>=20, "High",N72>=10, "Medium", N72<10, "Low")} -> #NAME? | X72: =IF(I72>1000, "High Budget",IF(I72>=500, "Medium Budget", "Low Budget")) -> High Budget | Y72: =VLOOKUP(G72, Lookup_table!B:C,2,0) -> 0.75 | Z72: =IF(I72/K72<Y72, "Efficient Spend", "Inefficient Spend") -> Efficient Spend | AA72: =VLOOKUP(H72, Lookup_table!E:F,2,0) -> Medium
A73: MKT1071 | B73: 45411 | C73: C350 | D73: 62 | E73: Female | F73: South Africa | G73: Email | H73: Discount | I73: 1211.99 | J73: 42354 | K73: 2551 | L73: 8 | N73: 6.0230439 | O73: 0.31360251 | P73: =IF(ISBLANK(M73), $S$2, M73) -> 3 | V73: =IF(AND(L73>200,K73>3000),"Top Performer", IF(AND(L73>=100,K73>=1000),"Average Performer","Low Performer")) -> Low Performer | W73: {=_xlfn.IFS(N73>=20, "High",N73>=10, "Medium", N73<10, "Low")} -> #NAME? | X73: =IF(I73>1000, "High Budget",IF(I73>=500, "Medium Budget", "Low Budget")) -> High Budget | Y73: =VLOOKUP(G73, Lookup_table!B:C,2,0) -> 0.2 | Z73: =IF(I73/K73<Y73, "Efficient Spend", "Inefficient Spend") -> Inefficient Spend | AA73: =VLOOKUP(H73, Lookup_table!E:F,2,0) -> Medium
A74: MKT1072 | B74: 45359 | C74: C263 | D74: 33 | E74: Male | F74: Kenya | G74: Facebook Ads | H74: Product Launch | I74: 191.91 | J74: 7346 | K74: 3172 | L74: 137 | M74: 5 | N74: 43.179962 | O74: 4.3190416 | P74: =IF(ISBLANK(M74), $S$2, M74) -> 5 | V74: =IF(AND(L74>200,K74>3000),"Top Performer", IF(AND(L74>=100,K74>=1000),"Average Performer","Low Performer")) -> Average Performer | W74: {=_xlfn.IFS(N74>=20, "High",N74>=10, "Medium", N74<10, "Low")} -> #NAME? | X74: =IF(I74>1000, "High Budget",IF(I74>=500, "Medium Budget", "Low Budget")) -> Low Budget | Y74: =VLOOKUP(G74, Lookup_table!B:C,2,0) -> 0.5 | Z74: =IF(I74/K74<Y74, "Efficient Spend", "Inefficient Spend") -> Efficient Spend | AA74: =VLOOKUP(H74, Lookup_table!E:F,2,0) -> High
A75: MKT1073 | B75: 45495 | C75: C226 | E75: Other | G75: Instagram | H75: Brand Awareness | I75: 65.67 | J75: 4948 | K75: 524 | L75: 10 | N75: 10.590137 | O75: 1.9083969 | P75: =IF(ISBLANK(M75), $S$2, M75) -> 3 | V75: =IF(AND(L75>200,K75>3000),"Top Performer", IF(AND(L75>=100,K75>=1000),"Average Performer","Low Performer")) -> Low Performer | W75: {=_xlfn.IFS(N75>=20, "High",N75>=10, "Medium", N75<10, "Low")} -> #NAME? | X75: =IF(I75>1000, "High Budget",IF(I75>=500, "Medium Budget", "Low Budget")) -> Low Budget | Y75: =VLOOKUP(G75, Lookup_table!B:C,2,0) -> 0.75 | Z75: =IF(I75/K75<Y75, "Efficient Spend", "Inefficient Spend") -> Efficient Spend | AA75: =VLOOKUP(H75, Lookup_table!E:F,2,0) -> Medium
A76: MKT1074 | B76: 45339 | C76: C244 | D76: 62 | E76: Male | F76: Kenya | G76: Email | H76: Discount | I76: 676.43 | J76: 14970 | K76: 1249 | L76: 22 | M76: 5 | N76: 8.3433534 | O76: 1.7614091 | P76: =IF(ISBLANK(M76), $S$2, M76) -> 5 | V76: =IF(AND(L76>200,K76>3000),"Top Performer", IF(AND(L76>=100,K76>=1000),"Average Performer","Low Performer")) -> Low Performer | W76: {=_xlfn.IFS(N76>=20, "High",N76>=10, "Medium", N76<10, "Low")} -> #NAME? | X76: =IF(I76>1000, "High Budget",IF(I76>=500, "Medium Budget", "Low Budget")) -> Medium Budget | Y76: =VLOOKUP(G76, Lookup_table!B:C,2,0) -> 0.2 | Z76: =IF(I76/K76<Y76, "Efficient Spend", "Inefficient Spend") -> Inefficient Spend | AA76: =VLOOKUP(H76, Lookup_table!E:F,2,0) -> Medium
A77: MKT1075 | B77: 45564 | C77: C338 | D77: 31 | E77: Female | F77: Nigeria | G77: Email | H77: Brand Awareness | I77: 830.1 | J77: 19575 | K77: 1786 | L77: 265 | M77: 4 | N77: 9.1238825 | O77: 14.837626 | P77: =IF(ISBLANK(M77), $S$2, M77) -> 4 | V77: =IF(AND(L77>200,K77>3000),"Top Performer", IF(AND(L77>=100,K77>=1000),"Average Performer","Low Performer")) -> Average Performer | W77: {=_xlfn.IFS(N77>=20, "High",N77>=10, "Medium", N77<10, "Low")} -> #NAME? | X77: =IF(I77>1000, "High Budget",IF(I77>=500, "Medium Budget", "Low Budget")) -> Medium Budget | Y77: =VLOOKUP(G77, Lookup_table!B:C,2,0) -> 0.2 | Z77: =IF(I77/K77<Y77, "Efficient Spend", "Inefficient Spend") -> Inefficient Spend | AA77: =VLOOKUP(H77, Lookup_table!E:F,2,0) -> Medium
A78: MKT1076 | B78: 45304 | C78: C378 | D78: 50 | E78: Female | F78: Kenya | G78: Instagram | H78: Product Launch | I78: 1279.91 | J78: 22927 | K78: 4900 | L78: 375 | M78: 5 | N78: 21.372181 | O78: 7.6530612 | P78: =IF(ISBLANK(M78), $S$2, M78) -> 5 | V78: =IF(AND(L78>200,K78>3000),"Top Performer", IF(AND(L78>=100,K78>=1000),"Average Performer","Low Performer")) -> Top Performer | W78: {=_xlfn.IFS(N78>=20, "High",N78>=10, "Medium", N78<10, "Low")} -> #NAME? | X78: =IF(I78>1000, "High Budget",IF(I78>=500, "Medium Budget", "Low Budget")) -> High Budget | Y78: =VLOOKUP(G78, Lookup_table!B:C,2,0) -> 0.75 | Z78: =IF(I78/K78<Y78, "Efficient Spend", "Inefficient Spend") -> Efficient Spend | AA78: =VLOOKUP(H78, Lookup_table!E:F,2,0) -> High
A79: MKT1077 | B79: 45641 | C79: C383 | D79: 50 | E79: Other | F79: Kenya | G79: Instagram | H79: Product Launch | I79: 1108.86 | J79: 35586 | K79: 3331 | L79: 170 | M79: 2 | N79: 9.3604226 | O79: 5.1035725 | P79: =IF(ISBLANK(M79), $S$2, M79) -> 2 | V79: =IF(AND(L79>200,K79>3000),"Top Performer", IF(AND(L79>=100,K79>=1000),"Average Performer","Low Performer")) -> Average Performer | W79: {=_xlfn.IFS(N79>=20, "High",N79>=10, "Medium", N79<10, "Low")} -> #NAME? | X79: =IF(I79>1000, "High Budget",IF(I79>=500, "Medium Budget", "Low Budget")) -> High Budget | Y79: =VLOOKUP(G79, Lookup_table!B:C,2,0) -> 0.75 | Z79: =IF(I79/K79<Y79, "Efficient Spend", "Inefficient Spend") -> Efficient Spend | AA79: =VLOOKUP(H79, Lookup_table!E:F,2,0) -> High
A80: MKT1078 | B80: 45399 | C80: C377 | D80: 29 | E80: Other | F80: Ghana | G80: Email | H80: Brand Awareness | I80: 166.91 | J80: 22637 | K80: 410 | L80: 109 | N80: 1.8111941 | O80: 26.585366 | P80: =IF(ISBLANK(M80), $S$2, M80) -> 3 | V80: =IF(AND(L80>200,K80>3000),"Top Performer", IF(AND(L80>=100,K80>=1000),"Average Performer","Low Performer")) -> Low Performer | W80: {=_xlfn.IFS(N80>=20, "High",N80>=10, "Medium", N80<10, "Low")} -> #NAME? | X80: =IF(I80>1000, "High Budget",IF(I80>=500, "Medium Budget", "Low Budget")) -> Low Budget | Y80: =VLOOKUP(G80, Lookup_table!B:C,2,0) -> 0.2 | Z80: =IF(I80/K80<Y80, "Efficient Spend", "Inefficient Spend") -> Inefficient Spend | AA80: =VLOOKUP(H80, Lookup_table!E:F,2,0) -> Medium
A81: MKT1079 | B81: 45525 | C81: C349 | D81: 61 | E81: Other | F81: UK | G81: Facebook Ads | H81: Discount | I81: 154.5 | J81: 3795 | K81: 3554 | L81: 121 | N81: 93.649539 | O81: 3.4046145 | P81: =IF(ISBLANK(M81), $S$2, M81) -> 3 | V81: =IF(AND(L81>200,K81>3000),"Top Performer", IF(AND(L81>=100,K81>=1000),"Average Performer","Low Performer")) -> Average Performer | W81: {=_xlfn.IFS(N81>=20, "High",N81>=10, "Medium", N81<10, "Low")} -> #NAME? | X81: =IF(I81>1000, "High Budget",IF(I81>=500, "Medium Budget", "Low Budget")) -> Low Budget | Y81: =VLOOKUP(G81, Lookup_table!B:C,2,0) -> 0.5 | Z81: =IF(I81/K81<Y81, "Efficient Spend", "Inefficient Spend") -> Efficient Spend | AA81: =VLOOKUP(H81, Lookup_table!E:F,2,0) -> Medium
A82: MKT1080 | B82: 45624 | C82: C340 | E82: Male | G82: Facebook Ads | H82: Product Launch | I82: 1350.27 | J82: 39417 | K82: 3112 | L82: 135 | N82: 7.8950707 | O82: 4.3380463 | P82: =IF(ISBLANK(M82), $S$2, M82) -> 3 | V82: =IF(AND(L82>200,K82>3000),"Top Performer", IF(AND(L82>=100,K82>=1000),"Average Performer","Low Performer")) -> Average Performer | W82: {=_xlfn.IFS(N82>=20, "High",N82>=10, "Medium", N82<10, "Low")} -> #NAME? | X82: =IF(I82>1000, "High Budget",IF(I82>=500, "Medium Budget", "Low Budget")) -> High Budget | Y82: =VLOOKUP(G82, Lookup_table!B:C,2,0) -> 0.5 | Z82: =IF(I82/K82<Y82, "Efficient Spend", "Inefficient Spend") -> Efficient Spend | AA82: =VLOOKUP(H82, Lookup_table!E:F,2,0) -> High
A83: MKT1081 | B83: 45615 | C83: C319 | D83: 50 | E83: Female | F83: Kenya | G83: Email | H83: Brand Awareness | I83: 1695.07 | J83: 20373 | K83: 3361 | L83: 137 | N83: 16.497325 | O83: 4.0761678 | P83: =IF(ISBLANK(M83), $S$2, M83) -> 3 | V83: =IF(AND(L83>200,K83>3000),"Top Performer", IF(AND(L83>=100,K83>=1000),"Average Performer","Low Performer")) -> Average Performer | W83: {=_xlfn.IFS(N83>=20, "High",N83>=10, "Medium", N83<10, "Low")} -> #NAME? | X83: =IF(I83>1000, "High Budget",IF(I83>=500, "Medium Budget", "Low Budget")) -> High Budget | Y83: =VLOOKUP(G83, Lookup_table!B:C,2,0) -> 0.2 | Z83: =IF(I83/K83<Y83, "Efficient Spend", "Inefficient Spend") -> Inefficient Spend | AA83: =VLOOKUP(H83, Lookup_table!E:F,2,0) -> Medium
A84: MKT1082 | B84: 45402 | C84: C313 | D84: 57 | E84: Female | F84: UK | G84: Google Ads | H84: Holiday Promo | I84: 998.2 | J84: 25603 | K84: 1337 | L84: 45 | N84: 5.2220443 | O84: 3.3657442 | P84: =IF(ISBLANK(M84), $S$2, M84) -> 3 | V84: =IF(AND(L84>200,K84>3000),"Top Performer", IF(AND(L84>=100,K84>=1000),"Average Performer","Low Performer")) -> Low Performer | W84: {=_xlfn.IFS(N84>=20, "High",N84>=10, "Medium", N84<10, "Low")} -> #NAME? | X84: =IF(I84>1000, "High Budget",IF(I84>=500, "Medium Budget", "Low Budget")) -> Medium Budget | Y84: =VLOOKUP(G84, Lookup_table!B:C,2,0) -> 1.2 | Z84: =IF(I84/K84<Y84, "Efficient Spend", "Inefficient Spend") -> Efficient Spend | AA84: =VLOOKUP(H84, Lookup_table!E:F,2,0) -> High
A85: MKT1083 | B85: 45434 | C85: C259 | D85: 24 | E85: Male | F85: Nigeria | G85: Google Ads | H85: Brand Awareness | I85: 512.3 | J85: 45407 | K85: 609 | L85: 196 | M85: 2 | N85: 1.3412029 | O85: 32.183908 | P85: =IF(ISBLANK(M85), $S$2, M85) -> 2 | V85: =IF(AND(L85>200,K85>3000),"Top Performer", IF(AND(L85>=100,K85>=1000),"Average Performer","Low Performer")) -> Low Performer | W85: {=_xlfn.IFS(N85>=20, "High",N85>=10, "Medium", N85<10, "Low")} -> #NAME? | X85: =IF(I85>1000, "High Budget",IF(I85>=500, "Medium Budget", "Low Budget")) -> Medium Budget | Y85: =VLOOKUP(G85, Lookup_table!B:C,2,0) -> 1.2 | Z85: =IF(I85/K85<Y85, "Efficient Spend", "Inefficient Spend") -> Efficient Spend | AA85: =VLOOKUP(H85, Lookup_table!E:F,2,0) -> Medium
A86: MKT1084 | B86: 45416 | C86: C262 | D86: 21 | E86: Other | F86: Nigeria | G86: Referral | H86: Holiday Promo | I86: 826.62 | J86: 32518 | K86: 3074 | L86: 169 | M86: 3 | N86: 9.4532259 | O86: 5.4977228 | P86: =IF(ISBLANK(M86), $S$2, M86) -> 3 | V86: =IF(AND(L86>200,K86>3000),"Top Performer", IF(AND(L86>=100,K86>=1000),"Average Performer","Low Performer")) -> Average Performer | W86: {=_xlfn.IFS(N86>=20, "High",N86>=10, "Medium", N86<10, "Low")} -> #NAME? | X86: =IF(I86>1000, "High Budget",IF(I86>=500, "Medium Budget", "Low Budget")) -> Medium Budget | Y86: =VLOOKUP(G86, Lookup_table!B:C,2,0) -> 0.3 | Z86: =IF(I86/K86<Y86, "Efficient Spend", "Inefficient Spend") -> Efficient Spend | AA86: =VLOOKUP(H86, Lookup_table!E:F,2,0) -> High
A87: MKT1085 | B87: 45568 | C87: C228 | D87: 56 | E87: Other | F87: Ghana | G87: Instagram | H87: Discount | I87: 162.76 | J87: 26231 | K87: 2329 | L87: 82 | M87: 3 | N87: 8.8788075 | O87: 3.5208244 | P87: =IF(ISBLANK(M87), $S$2, M87) -> 3 | V87: =IF(AND(L87>200,K87>3000),"Top Performer", IF(AND(L87>=100,K87>=1000),"Average Performer","Low Performer")) -> Low Performer | W87: {=_xlfn.IFS(N87>=20, "High",N87>=10, "Medium", N87<10, "Low")} -> #NAME? | X87: =IF(I87>1000, "High Budget",IF(I87>=500, "Medium Budget", "Low Budget")) -> Low Budget | Y87: =VLOOKUP(G87, Lookup_table!B:C,2,0) -> 0.75 | Z87: =IF(I87/K87<Y87, "Efficient Spend", "Inefficient Spend") -> Efficient Spend | AA87: =VLOOKUP(H87, Lookup_table!E:F,2,0) -> Medium
A88: MKT1086 | B88: 45601 | C88: C383 | D88: 48 | E88: Female | F88: South Africa | G88: Instagram | H88: Brand Awareness | I88: 1452.05 | J88: 32061 | K88: 1216 | L88: 93 | M88: 5 | N88: 3.79277 | O88: 7.6480263 | P88: =IF(ISBLANK(M88), $S$2, M88) -> 5 | V88: =IF(AND(L88>200,K88>3000),"Top Performer", IF(AND(L88>=100,K88>=1000),"Average Performer","Low Performer")) -> Low Performer | W88: {=_xlfn.IFS(N88>=20, "High",N88>=10, "Medium", N88<10, "Low")} -> #NAME? | X88: =IF(I88>1000, "High Budget",IF(I88>=500, "Medium Budget", "Low Budget")) -> High Budget | Y88: =VLOOKUP(G88, Lookup_table!B:C,2,0) -> 0.75 | Z88: =IF(I88/K88<Y88, "Efficient Spend", "Inefficient Spend") -> Inefficient Spend | AA88: =VLOOKUP(H88, Lookup_table!E:F,2,0) -> Medium
A89: MKT1087 | B89: 45607 | C89: C215 | E89: Other | G89: Google Ads | H89: Holiday Promo | I89: 488.2 | J89: 32198 | K89: 2749 | L89: 105 | N89: 8.5377974 | O89: 3.8195708 | P89: =IF(ISBLANK(M89), $S$2, M89) -> 3 | V89: =IF(AND(L89>200,K89>3000),"Top Performer", IF(AND(L89>=100,K89>=1000),"Average Performer","Low Performer")) -> Average Performer | W89: {=_xlfn.IFS(N89>=20, "High",N89>=10, "Medium", N89<10, "Low")} -> #NAME? | X89: =IF(I89>1000, "High Budget",IF(I89>=500, "Medium Budget", "Low Budget")) -> Low Budget | Y89: =VLOOKUP(G89, Lookup_table!B:C,2,0) -> 1.2 | Z89: =IF(I89/K89<Y89, "Efficient Spend", "Inefficient Spend") -> Efficient Spend | AA89: =VLOOKUP(H89, Lookup_table!E:F,2,0) -> High
A90: MKT1088 | B90: 45327 | C90: C205 | D90: 45 | E90: Other | F90: UK | G90: Instagram | H90: Discount | I90: 976.33 | J90: 34635 | K90: 472 | L90: 74 | M90: 4 | N90: 1.3627833 | O90: 15.677966 | P90: =IF(ISBLANK(M90), $S$2, M90) -> 4 | V90: =IF(AND(L90>200,K90>3000),"Top Performer", IF(AND(L90>=100,K90>=1000),"Average Performer","Low Performer")) -> Low Performer | W90: {=_xlfn.IFS(N90>=20, "High",N90>=10, "Medium", N90<10, "Low")} -> #NAME? | X90: =IF(I90>1000, "High Budget",IF(I90>=500, "Medium Budget", "Low Budget")) -> Medium Budget | Y90: =VLOOKUP(G90, Lookup_table!B:C,2,0) -> 0.75 | Z90: =IF(I90/K90<Y90, "Efficient Spend", "Inefficient Spend") -> Inefficient Spend | AA90: =VLOOKUP(H90, Lookup_table!E:F,2,0) -> Medium
A91: MKT1089 | B91: 45596 | C91: C391 | D91: 58 | E91: Female | F91: Ghana | G91: Referral | H91: Product Launch | I91: 615.13 | J91: 23387 | K91: 744 | L91: 275 | M91: 5 | N91: 3.1812545 | O91: 36.962366 | P91: =IF(ISBLANK(M91), $S$2, M91) -> 5 | V91: =IF(AND(L91>200,K91>3000),"Top Performer", IF(AND(L91>=100,K91>=1000),"Average Performer","Low Performer")) -> Low Performer | W91: {=_xlfn.IFS(N91>=20, "High",N91>=10, "Medium", N91<10, "Low")} -> #NAME? | X91: =IF(I91>1000, "High Budget",IF(I91>=500, "Medium Budget", "Low Budget")) -> Medium Budget | Y91: =VLOOKUP(G91, Lookup_table!B:C,2,0) -> 0.3 | Z91: =IF(I91/K91<Y91, "Efficient Spend", "Inefficient Spend") -> Inefficient Spend | AA91: =VLOOKUP(H91, Lookup_table!E:F,2,0) -> High
A92: MKT1090 | B92: 45552 | C92: C267 | D92: 48 | E92: Other | F92: Ghana | G92: Email | H92: Product Launch | I92: 770.28 | J92: 44596 | K92: 1852 | L92: 172 | M92: 5 | N92: 4.1528388 | O92: 9.287257 | P92: =IF(ISBLANK(M92), $S$2, M92) -> 5 | V92: =IF(AND(L92>200,K92>3000),"Top Performer", IF(AND(L92>=100,K92>=1000),"Average Performer","Low Performer")) -> Average Performer | W92: {=_xlfn.IFS(N92>=20, "High",N92>=10, "Medium", N92<10, "Low")} -> #NAME? | X92: =IF(I92>1000, "High Budget",IF(I92>=500, "Medium Budget", "Low Budget")) -> Medium Budget | Y92: =VLOOKUP(G92, Lookup_table!B:C,2,0) -> 0.2 | Z92: =IF(I92/K92<Y92, "Efficient Spend", "Inefficient Spend") -> Inefficient Spend | AA92: =VLOOKUP(H92, Lookup_table!E:F,2,0) -> High
A93: MKT1091 | B93: 45591 | C93: C319 | D93: 44 | E93: Other | F93: Nigeria | G93: Referral | H93: Product Launch | I93: 1041.72 | J93: 44592 | K93: 3671 | L93: 166 | M93: 4 | N93: 8.2324184 | O93: 4.5219286 | P93: =IF(ISBLANK(M93), $S$2, M93) -> 4 | V93: =IF(AND(L93>200,K93>3000),"Top Performer", IF(AND(L93>=100,K93>=1000),"Average Performer","Low Performer")) -> Average Performer | W93: {=_xlfn.IFS(N93>=20, "High",N93>=10, "Medium", N93<10, "Low")} -> #NAME? | X93: =IF(I93>1000, "High Budget",IF(I93>=500, "Medium Budget", "Low Budget")) -> High Budget | Y93: =VLOOKUP(G93, Lookup_table!B:C,2,0) -> 0.3 | Z93: =IF(I93/K93<Y93, "Efficient Spend", "Inefficient Spend") -> Efficient Spend | AA93: =VLOOKUP(H93, Lookup_table!E:F,2,0) -> High
A94: MKT1092 | B94: 45542 | C94: C342 | D94: 64 | E94: Female | F94: UK | G94: Instagram | H94: Brand Awareness | I94: 421.11 | J94: 31096 | K94: 4306 | L94: 203 | M94: 5 | N94: 13.84744 | O94: 4.7143521 | P94: =IF(ISBLANK(M94), $S$2, M94) -> 5 | V94: =IF(AND(L94>200,K94>3000),"Top Performer", IF(AND(L94>=100,K94>=1000),"Average Performer","Low Performer")) -> Top Performer | W94: {=_xlfn.IFS(N94>=20, "High",N94>=10, "Medium", N94<10, "Low")} -> #NAME? | X94: =IF(I94>1000, "High Budget",IF(I94>=500, "Medium Budget", "Low Budget")) -> Low Budget | Y94: =VLOOKUP(G94, Lookup_table!B:C,2,0) -> 0.75 | Z94: =IF(I94/K94<Y94, "Efficient Spend", "Inefficient Spend") -> Efficient Spend | AA94: =VLOOKUP(H94, Lookup_table!E:F,2,0) -> Medium
A95: MKT1093 | B95: 45346 | C95: C206 | D95: 59 | E95: Female | F95: UK | G95: Facebook Ads | H95: Holiday Promo | I95: 1468.02 | J95: 24815 | K95: 3456 | L95: 76 | M95: 2 | N95: 13.92706 | O95: 2.1990741 | P95: =IF(ISBLANK(M95), $S$2, M95) -> 2 | V95: =IF(AND(L95>200,K95>3000),"Top Performer", IF(AND(L95>=100,K95>=1000),"Average Performer","Low Performer")) -> Low Performer | W95: {=_xlfn.IFS(N95>=20, "High",N95>=10, "Medium", N95<10, "Low")} -> #NAME? | X95: =IF(I95>1000, "High Budget",IF(I95>=500, "Medium Budget", "Low Budget")) -> High Budget | Y95: =VLOOKUP(G95, Lookup_table!B:C,2,0) -> 0.5 | Z95: =IF(I95/K95<Y95, "Efficient Spend", "Inefficient Spend") -> Efficient Spend | AA95: =VLOOKUP(H95, Lookup_table!E:F,2,0) -> High
A96: MKT1094 | B96: 45335 | C96: C242 | D96: 44 | E96: Other | F96: USA | G96: Facebook Ads | H96: Holiday Promo | I96: 259.36 | J96: 40912 | K96: 3299 | L96: 371 | M96: 3 | N96: 8.0636488 | O96: 11.245832 | P96: =IF(ISBLANK(M96), $S$2, M96) -> 3 | V96: =IF(AND(L96>200,K96>3000),"Top Performer", IF(AND(L96>=100,K96>=1000),"Average Performer","Low Performer")) -> Top Performer | W96: {=_xlfn.IFS(N96>=20, "High",N96>=10, "Medium", N96<10, "Low")} -> #NAME? | X96: =IF(I96>1000, "High Budget",IF(I96>=500, "Medium Budget", "Low Budget")) -> Low Budget | Y96: =VLOOKUP(G96, Lookup_table!B:C,2,0) -> 0.5 | Z96: =IF(I96/K96<Y96, "Efficient Spend", "Inefficient Spend") -> Efficient Spend | AA96: =VLOOKUP(H96, Lookup_table!E:F,2,0) -> High
A97: MKT1095 | B97: 45507 | C97: C278 | D97: 45 | E97: Other | F97: USA | G97: Instagram | H97: Holiday Promo | I97: 1526.56 | J97: 41500 | K97: 2791 | L97: 315 | M97: 5 | N97: 6.7253012 | O97: 11.286277 | P97: =IF(ISBLANK(M97), $S$2, M97) -> 5 | V97: =IF(AND(L97>200,K97>3000),"Top Performer", IF(AND(L97>=100,K97>=1000),"Average Performer","Low Performer")) -> Average Performer | W97: {=_xlfn.IFS(N97>=20, "High",N97>=10, "Medium", N97<10, "Low")} -> #NAME? | X97: =IF(I97>1000, "High Budget",IF(I97>=500, "Medium Budget", "Low Budget")) -> High Budget | Y97: =VLOOKUP(G97, Lookup_table!B:C,2,0) -> 0.75 | Z97: =IF(I97/K97<Y97, "Efficient Spend", "Inefficient Spend") -> Efficient Spend | AA97: =VLOOKUP(H97, Lookup_table!E:F,2,0) -> High
A98: MKT1096 | B98: 45331 | C98: C364 | D98: 43 | E98: Other | F98: USA | G98: Facebook Ads | H98: Holiday Promo | I98: 140.01 | J98: 42074 | K98: 2387 | L98: 299 | M98: 3 | N98: 5.6733375 | O98: 12.526183 | P98: =IF(ISBLANK(M98), $S$2, M98) -> 3 | V98: =IF(AND(L98>200,K98>3000),"Top Performer", IF(AND(L98>=100,K98>=1000),"Average Performer","Low Performer")) -> Average Performer | W98: {=_xlfn.IFS(N98>=20, "High",N98>=10, "Medium", N98<10, "Low")} -> #NAME? | X98: =IF(I98>1000, "High Budget",IF(I98>=500, "Medium Budget", "Low Budget")) -> Low Budget | Y98: =VLOOKUP(G98, Lookup_table!B:C,2,0) -> 0.5 | Z98: =IF(I98/K98<Y98, "Efficient Spend", "Inefficient Spend") -> Efficient Spend | AA98: =VLOOKUP(H98, Lookup_table!E:F,2,0) -> High
A99: MKT1097 | B99: 45423 | C99: C339 | D99: 20 | E99: Other | F99: Nigeria | G99: Google Ads | H99: Product Launch | I99: 993.51 | J99: 19930 | K99: 1681 | L99: 299 | N99: 8.4345208 | O99: 17.787032 | P99: =IF(ISBLANK(M99), $S$2, M99) -> 3 | V99: =IF(AND(L99>200,K99>3000),"Top Performer", IF(AND(L99>=100,K99>=1000),"Average Performer","Low Performer")) -> Average Performer | W99: {=_xlfn.IFS(N99>=20, "High",N99>=10, "Medium", N99<10, "Low")} -> #NAME? | X99: =IF(I99>1000, "High Budget",IF(I99>=500, "Medium Budget", "Low Budget")) -> Medium Budget | Y99: =VLOOKUP(G99, Lookup_table!B:C,2,0) -> 1.2 | Z99: =IF(I99/K99<Y99, "Efficient Spend", "Inefficient Spend") -> Efficient Spend | AA99: =VLOOKUP(H99, Lookup_table!E:F,2,0) -> High
A100: MKT1098 | B100: 45627 | C100: C362 | D100: 39 | E100: Other | F100: Kenya | G100: Email | H100: Holiday Promo | I100: 1203.5 | J100: 39872 | K100: 1246 | L100: 157 | M100: 2 | N100: 3.125 | O100: 12.600321 | P100: =IF(ISBLANK(M100), $S$2, M100) -> 2 | V100: =IF(AND(L100>200,K100>3000),"Top Performer", IF(AND(L100>=100,K100>=1000),"Average Performer","Low Performer")) -> Average Performer | W100: {=_xlfn.IFS(N100>=20, "High",N100>=10, "Medium", N100<10, "Low")} -> #NAME? | X100: =IF(I100>1000, "High Budget",IF(I100>=500, "Medium Budget", "Low Budget")) -> High Budget | Y100: =VLOOKUP(G100, Lookup_table!B:C,2,0) -> 0.2 | Z100: =IF(I100/K100<Y100, "Efficient Spend", "Inefficient Spend") -> Inefficient Spend | AA100: =VLOOKUP(H100, Lookup_table!E:F,2,0) -> High
...

Sheet Summary sheet
A1: Averages | B1: Values
A2: Customer satisfaction | B2: =AVERAGE([1]marketing_campaign_dataset_500_!M:M) -> #VALUE!

Sheet Lookup_table
A1: Channel_ID | B1: Maarketing_Channel | C1: CPC_Benchmark | E1: Campaign_type | F1: Priority
A2: CH001 | B2: Facebook Ads | C2: 0.5 | E2: Product Launch | F2: High
A3: CH002 | B3: Google Ads | C3: 1.2 | E3: Brand Awareness | F3: Medium
A4: CH003 | B4: Instagram | C4: 0.75 | E4: Holiday Promo | F4: High
A5: CH004 | B5: Referral | C5: 0.3 | E5: Seasonal Sale | F5: Medium
A6: CH005 | B6: Email | C6: 0.2 | E6: Other | F6: Low
E7: Discount | F7: Medium

Sheet Dynamic_report
A1: Marketing_Channel | B1: Total_Campaigns | C1: Total_Conversions | D1: Total_Ad-Spend | E1: Average_CTR | F1: Avg_Satisfaction
A2: Facebook Ads | B2: =COUNTIF(marketing_campaign_dataset_500_!G:G,A2) -> 101 | C2: =SUMIF(marketing_campaign_dataset_500_!G:G,A2,marketing_campaign_dataset_500_!L:L) -> 18835 | D2: =SUMIF(marketing_campaign_dataset_500_!G:G,A2,marketing_campaign_dataset_500_!I:I) -> 109367.46 | E2: =AVERAGEIF(marketing_campaign_dataset_500_!G:G,A2,marketing_campaign_dataset_500_!N:N) -> 17.592856 | F2: =IFERROR(AVERAGEIF(marketing_campaign_dataset_500_!G:G,A2,marketing_campaign_dataset_500_!P:P),0) -> 2.8514851
A3: Google Ads | B3: =COUNTIF(marketing_campaign_dataset_500_!G:G,A3) -> 101 | C3: =SUMIF(marketing_campaign_dataset_500_!G:G,A3,marketing_campaign_dataset_500_!L:L) -> 20533 | D3: =SUMIF(marketing_campaign_dataset_500_!G:G,A3,marketing_campaign_dataset_500_!I:I) -> 102540.65 | E3: =AVERAGEIF(marketing_campaign_dataset_500_!G:G,A3,marketing_campaign_dataset_500_!N:N) -> 32.836177 | F3: =IFERROR(AVERAGEIF(marketing_campaign_dataset_500_!G:G,A3,marketing_campaign_dataset_500_!P:P),0) -> 2.7623762
A4: Instagram | B4: =COUNTIF(marketing_campaign_dataset_500_!G:G,A4) -> 110 | C4: =SUMIF(marketing_campaign_dataset_500_!G:G,A4,marketing_campaign_dataset_500_!L:L) -> 22625 | D4: =SUMIF(marketing_campaign_dataset_500_!G:G,A4,marketing_campaign_dataset_500_!I:I) -> 114210.1 | E4: =AVERAGEIF(marketing_campaign_dataset_500_!G:G,A4,marketing_campaign_dataset_500_!N:N) -> 26.721513 | F4: =IFERROR(AVERAGEIF(marketing_campaign_dataset_500_!G:G,A4,marketing_campaign_dataset_500_!P:P),0) -> 3.3545455
A5: Referral | B5: =COUNTIF(marketing_campaign_dataset_500_!G:G,A5) -> 100 | C5: =SUMIF(marketing_campaign_dataset_500_!G:G,A5,marketing_campaign_dataset_500_!L:L) -> 20318 | D5: =SUMIF(marketing_campaign_dataset_500_!G:G,A5,marketing_campaign_dataset_500_!I:I) -> 106296.51 | E5: =AVERAGEIF(marketing_campaign_dataset_500_!G:G,A5,marketing_campaign_dataset_500_!N:N) -> 25.13039 | F5: =IFERROR(AVERAGEIF(marketing_campaign_dataset_500_!G:G,A5,marketing_campaign_dataset_500_!P:P),0) -> 3.09
A6: Email | B6: =COUNTIF(marketing_campaign_dataset_500_!G:G,A6) -> 88 | C6: =SUMIF(marketing_campaign_dataset_500_!G:G,A6,marketing_campaign_dataset_500_!L:L) -> 15640 | D6: =SUMIF(marketing_campaign_dataset_500_!G:G,A6,marketing_campaign_dataset_500_!I:I) -> 86773.24 | E6: =AVERAGEIF(marketing_campaign_dataset_500_!G:G,A6,marketing_campaign_dataset_500_!N:N) -> 29.815668 | F6: =IFERROR(AVERAGEIF(marketing_campaign_dataset_500_!G:G,A6,marketing_campaign_dataset_500_!P:P),0) -> 3.0568182
A8: Summary_Statistics
A9: Best_Perf_Channel | B9: =INDEX(A2:A6, MATCH(MAX(C2:C6), C2:C6,0)) -> Instagram
A10: Most_Campaigns | B10: =INDEX(A2:A6, MATCH(MAX(B2:B6),B2:B6,0)) -> Instagram
A11: Lowest_Ad_Spend | B11: =INDEX(A2:A6,MATCH(MIN(D2:D6),D2:D6,0)) -> Email

Sheet Cleaned_data
A1: Campaign_ID | B1: Date | C1: Customer_ID | D1: Age | E1: Gender | F1: Country | G1: Marketing_Channel | H1: Campaign_Type | I1: Ad_Spend | J1: Impressions | K1: Clicks | L1: Conversions | M1: Customer_Satisfaction | N1: CTR_% | O1: Conversion_Rate_% | P1: Cust_satifaction_full | Q1: Col_Q | R1: Col_R | S1: avg_cust_satisfaction | T1: Col_T | U1: Num_over_100 | V1: Perfomance_Rating | W1: CTR_Category | X1: Spend_Flag | Y1: Channel_Benchmark | Z1: Performance_vs_Benchmark | AA1: Campaign_type_flag | AD1: Column_blanks
A2: MKT1000 | B2: 45467 | C2: C378 | D2: 27 | E2: Male | F2: USA | G2: Facebook Ads | H2: Product Launch | I2: 1779.52 | J2: 35715 | K2: 3140 | L2: 274 | M2: 2 | N2: 8.7918242 | O2: 8.7261146 | P2: =IF(ISBLANK(M2), $S$2, M2) -> 2 | S2: =ROUND(AVERAGE(M:M),0) -> 3 | U2: =COUNTIF(N2:N1000, N2>100) -> 0 | V2: =IF(AND(L2>200,K2>3000),"Top Performer", IF(AND(L2>=100,K2>=1000),"Average Performer","Low Performer")) -> Top Performer | W2: {=_xlfn.IFS(N2>=20, "High",N2>=10, "Medium", N2<10, "Low")} -> #NAME? | X2: =IF(I2>1000, "High Budget",IF(I2>=500, "Medium Budget", "Low Budget")) -> High Budget | Y2: =VLOOKUP(G2, Lookup_table!B:C,2,0) -> 0.5 | Z2: =IF(I2/K2<Y2, "Efficient Spend", "Inefficient Spend") -> Inefficient Spend | AA2: =VLOOKUP(H2, Lookup_table!E:F,2,0) -> High | AC2: Duplicate_checker | AD2: Age | AE2: =COUNTBLANK(Cleaned_data!D2:D501) -> 0
A3: MKT1001 | B3: 45488 | C3: C345 | D3: 24 | E3: Female | F3: Nigeria | G3: Google Ads | H3: Brand Awareness | I3: 464.78 | J3: 13758 | K3: 3324 | L3: 5 | M3: 3 | N3: 24.160488 | O3: 0.15042118 | P3: =IF(ISBLANK(M3), $S$2, M3) -> 3 | U3: =COUNTIF(N3:N1001, N3>100) -> 0 | V3: =IF(AND(L3>200,K3>3000),"Top Performer", IF(AND(L3>=100,K3>=1000),"Average Performer","Low Performer")) -> Low Performer | W3: {=_xlfn.IFS(N3>=20, "High",N3>=10, "Medium", N3<10, "Low")} -> #NAME? | X3: =IF(I3>1000, "High Budget",IF(I3>=500, "Medium Budget", "Low Budget")) -> Low Budget | Y3: =VLOOKUP(G3, Lookup_table!B:C,2,0) -> 1.2 | Z3: =IF(I3/K3<Y3, "Efficient Spend", "Inefficient Spend") -> Efficient Spend | AA3: =VLOOKUP(H3, Lookup_table!E:F,2,0) -> Medium | AC3: =COUNTIF($A$2:$A2,A2) -> 1 | AD3: Gender | AE3: =COUNTBLANK(Cleaned_data!E2:E501) -> 0
A4: MKT1002 | B4: 45317 | C4: C239 | D4: 35 | E4: Other | F4: USA | G4: Facebook Ads | H4: Holiday Promo | I4: 561.14 | J4: 48381 | K4: 321 | L4: 163 | N4: 0.6634836 | O4: 50.778816 | P4: =IF(ISBLANK(M4), $S$2, M4) -> 3 | V4: =IF(AND(L4>200,K4>3000),"Top Performer", IF(AND(L4>=100,K4>=1000),"Average Performer","Low Performer")) -> Low Performer | W4: {=_xlfn.IFS(N4>=20, "High",N4>=10, "Medium", N4<10, "Low")} -> #NAME? | X4: =IF(I4>1000, "High Budget",IF(I4>=500, "Medium Budget", "Low Budget")) -> Medium Budget | Y4: =VLOOKUP(G4, Lookup_table!B:C,2,0) -> 0.5 | Z4: =IF(I4/K4<Y4, "Efficient Spend", "Inefficient Spend") -> Inefficient Spend | AA4: =VLOOKUP(H4, Lookup_table!E:F,2,0) -> High | AD4: Conversions | AE4: =COUNTBLANK(Cleaned_data!L2:L501) -> 0
A5: MKT1003 | B5: 45359 | C5: C266 | D5: 20 | E5: Male | F5: Nigeria | G5: Facebook Ads | H5: Brand Awareness | I5: 297.57 | J5: 15697 | K5: 3375 | L5: 280 | M5: 5 | N5: 21.500924 | O5: 8.2962963 | P5: =IF(ISBLANK(M5), $S$2, M5) -> 5 | U5: =COUNTIF(N5:N1000, N5>100) -> 0 | V5: =IF(AND(L5>200,K5>3000),"Top Performer", IF(AND(L5>=100,K5>=1000),"Average Performer","Low Performer")) -> Top Performer | W5: {=_xlfn.IFS(N5>=20, "High",N5>=10, "Medium", N5<10, "Low")} -> #NAME? | X5: =IF(I5>1000, "High Budget",IF(I5>=500, "Medium Budget", "Low Budget")) -> Low Budget | Y5: =VLOOKUP(G5, Lookup_table!B:C,2,0) -> 0.5 | Z5: =IF(I5/K5<Y5, "Efficient Spend", "Inefficient Spend") -> Efficient Spend | AA5: =VLOOKUP(H5, Lookup_table!E:F,2,0) -> Medium | AD5: Customer_Satisfaction | AE5: =COUNTBLANK(Cleaned_data!P2:P501) -> 0
A6: MKT1004 | B6: 45503 | C6: C282 | D6: 32 | E6: Female | F6: UK | G6: Referral | H6: Holiday Promo | I6: 1074.86 | J6: 2245 | K6: 4858 | L6: 373 | M6: 2 | N6: 216.39198 | O6: 7.6780568 | P6: =IF(ISBLANK(M6), $S$2, M6) -> 2 | U6: =COUNTIF(N6:N1001, N6>100) -> 0 | V6: =IF(AND(L6>200,K6>3000),"Top Performer", IF(AND(L6>=100,K6>=1000),"Average Performer","Low Performer")) -> Top Performer | W6: {=_xlfn.IFS(N6>=20, "High",N6>=10, "Medium", N6<10, "Low")} -> #NAME? | X6: =IF(I6>1000, "High Budget",IF(I6>=500, "Medium Budget", "Low Budget")) -> High Budget | Y6: =VLOOKUP(G6, Lookup_table!B:C,2,0) -> 0.3 | Z6: =IF(I6/K6<Y6, "Efficient Spend", "Inefficient Spend") -> Efficient Spend | AA6: =VLOOKUP(H6, Lookup_table!E:F,2,0) -> High
A7: MKT1005 | B7: 45395 | C7: C227 | D7: 64 | E7: Other | F7: Ghana | G7: Instagram | H7: Brand Awareness | I7: 665.19 | J7: 10209 | K7: 2859 | L7: 149 | M7: 5 | N7: 28.004702 | O7: 5.2116125 | P7: =IF(ISBLANK(M7), $S$2, M7) -> 5 | U7: =COUNTIF(N7:N1002, N7>100) -> 0 | V7: =IF(AND(L7>200,K7>3000),"Top Performer", IF(AND(L7>=100,K7>=1000),"Average Performer","Low Performer")) -> Average Performer | W7: {=_xlfn.IFS(N7>=20, "High",N7>=10, "Medium", N7<10, "Low")} -> #NAME? | X7: =IF(I7>1000, "High Budget",IF(I7>=500, "Medium Budget", "Low Budget")) -> Medium Budget | Y7: =VLOOKUP(G7, Lookup_table!B:C,2,0) -> 0.75 | Z7: =IF(I7/K7<Y7, "Efficient Spend", "Inefficient Spend") -> Efficient Spend | AA7: =VLOOKUP(H7, Lookup_table!E:F,2,0) -> Medium
A8: MKT1006 | B8: 45640 | C8: C279 | D8: 20 | E8: Other | F8: UK | G8: Instagram | H8: Holiday Promo | I8: 514.58 | J8: 11892 | K8: 367 | L8: 293 | M8: 4 | N8: 3.0861083 | O8: 79.836512 | P8: =IF(ISBLANK(M8), $S$2, M8) -> 4 | U8: =COUNTIF(N8:N1003, N8>100) -> 0 | V8: =IF(AND(L8>200,K8>3000),"Top Performer", IF(AND(L8>=100,K8>=1000),"Average Performer","Low Performer")) -> Low Performer | W8: {=_xlfn.IFS(N8>=20, "High",N8>=10, "Medium", N8<10, "Low")} -> #NAME? | X8: =IF(I8>1000, "High Budget",IF(I8>=500, "Medium Budget", "Low Budget")) -> Medium Budget | Y8: =VLOOKUP(G8, Lookup_table!B:C,2,0) -> 0.75 | Z8: =IF(I8/K8<Y8, "Efficient Spend", "Inefficient Spend") -> Inefficient Spend | AA8: =VLOOKUP(H8, Lookup_table!E:F,2,0) -> High
A9: MKT1007 | B9: 45477 | C9: C279 | D9: 49 | E9: Other | F9: South Africa | G9: Referral | H9: Holiday Promo | I9: 187.7 | J9: 34575 | K9: 4519 | L9: 6 | M9: 3 | N9: 13.070137 | O9: 0.13277274 | P9: =IF(ISBLANK(M9), $S$2, M9) -> 3 | U9: =COUNTIF(N9:N1004, N9>100) -> 0 | V9: =IF(AND(L9>200,K9>3000),"Top Performer", IF(AND(L9>=100,K9>=1000),"Average Performer","Low Performer")) -> Low Performer | W9: {=_xlfn.IFS(N9>=20, "High",N9>=10, "Medium", N9<10, "Low")} -> #NAME? | X9: =IF(I9>1000, "High Budget",IF(I9>=500, "Medium Budget", "Low Budget")) -> Low Budget | Y9: =VLOOKUP(G9, Lookup_table!B:C,2,0) -> 0.3 | Z9: =IF(I9/K9<Y9, "Efficient Spend", "Inefficient Spend") -> Efficient Spend | AA9: =VLOOKUP(H9, Lookup_table!E:F,2,0) -> High
A10: MKT1008 | B10: 45315 | C10: C338 | D10: 26 | E10: Female | F10: South Africa | G10: Facebook Ads | H10: Product Launch | I10: 1985.97 | J10: 26045 | K10: 2084 | L10: 240 | M10: 4 | N10: 8.0015358 | O10: 11.516315 | P10: =IF(ISBLANK(M10), $S$2, M10) -> 4 | U10: =COUNTIF(N10:N1005, N10>100) -> 0 | V10: =IF(AND(L10>200,K10>3000),"Top Performer", IF(AND(L10>=100,K10>=1000),"Average Performer","Low Performer")) -> Average Performer | W10: {=_xlfn.IFS(N10>=20, "High",N10>=10, "Medium", N10<10, "Low")} -> #NAME? | X10: =IF(I10>1000, "High Budget",IF(I10>=500, "Medium Budget", "Low Budget")) -> High Budget | Y10: =VLOOKUP(G10, Lookup_table!B:C,2,0) -> 0.5 | Z10: =IF(I10/K10<Y10, "Efficient Spend", "Inefficient Spend") -> Inefficient Spend | AA10: =VLOOKUP(H10, Lookup_table!E:F,2,0) -> High
A11: MKT1009 | B11: 45364 | C11: C346 | D11: 31 | E11: Other | F11: Nigeria | G11: Instagram | H11: Brand Awareness | I11: 1642.32 | J11: 8802 | K11: 735 | L11: 220 | M11: 5 | N11: 8.3503749 | O11: 29.931973 | P11: =IF(ISBLANK(M11), $S$2, M11) -> 5 | U11: =COUNTIF(N11:N1006, N11>100) -> 0 | V11: =IF(AND(L11>200,K11>3000),"Top Performer", IF(AND(L11>=100,K11>=1000),"Average Performer","Low Performer")) -> Low Performer | W11: {=_xlfn.IFS(N11>=20, "High",N11>=10, "Medium", N11<10, "Low")} -> #NAME? | X11: =IF(I11>1000, "High Budget",IF(I11>=500, "Medium Budget", "Low Budget")) -> High Budget | Y11: =VLOOKUP(G11, Lookup_table!B:C,2,0) -> 0.75 | Z11: =IF(I11/K11<Y11, "Efficient Spend", "Inefficient Spend") -> Inefficient Spend | AA11: =VLOOKUP(H11, Lookup_table!E:F,2,0) -> Medium
A12: MKT1010 | B12: 45637 | C12: C252 | D12: 46 | E12: Male | F12: Kenya | G12: Referral | H12: Product Launch | I12: 686.5 | J12: 8134 | K12: 1108 | L12: 140 | M12: 1 | N12: 13.621834 | O12: 12.635379 | P12: =IF(ISBLANK(M12), $S$2, M12) -> 1 | U12: =COUNTIF(N12:N1007, N12>100) -> 0 | V12: =IF(AND(L12>200,K12>3000),"Top Performer", IF(AND(L12>=100,K12>=1000),"Average Performer","Low Performer")) -> Average Performer | W12: {=_xlfn.IFS(N12>=20, "High",N12>=10, "Medium", N12<10, "Low")} -> #NAME? | X12: =IF(I12>1000, "High Budget",IF(I12>=500, "Medium Budget", "Low Budget")) -> Medium Budget | Y12: =VLOOKUP(G12, Lookup_table!B:C,2,0) -> 0.3 | Z12: =IF(I12/K12<Y12, "Efficient Spend", "Inefficient Spend") -> Inefficient Spend | AA12: =VLOOKUP(H12, Lookup_table!E:F,2,0) -> High
A13: MKT1011 | B13: 45334 | C13: C334 | D13: 59 | E13: Other | F13: South Africa | G13: Google Ads | H13: Product Launch | I13: 847.08 | J13: 24160 | K13: 4205 | L13: 211 | M13: 5 | N13: 17.404801 | O13: 5.0178359 | P13: =IF(ISBLANK(M13), $S$2, M13) -> 5 | U13: =COUNTIF(N13:N1008, N13>100) -> 0 | V13: =IF(AND(L13>200,K13>3000),"Top Performer", IF(AND(L13>=100,K13>=1000),"Average Performer","Low Performer")) -> Top Performer | W13: {=_xlfn.IFS(N13>=20, "High",N13>=10, "Medium", N13<10, "Low")} -> #NAME? | X13: =IF(I13>1000, "High Budget",IF(I13>=500, "Medium Budget", "Low Budget")) -> Medium Budget | Y13: =VLOOKUP(G13, Lookup_table!B:C,2,0) -> 1.2 | Z13: =IF(I13/K13<Y13, "Efficient Spend", "Inefficient Spend") -> Efficient Spend | AA13: =VLOOKUP(H13, Lookup_table!E:F,2,0) -> High
A14: MKT1012 | B14: 45510 | C14: C345 | D14: 44 | E14: Other | F14: Nigeria | G14: Email | H14: Discount | I14: 1143.36 | J14: 8173 | K14: 825 | L14: 16 | N14: 10.094213 | O14: 1.9393939 | P14: =IF(ISBLANK(M14), $S$2, M14) -> 3 | U14: =COUNTIF(N14:N1009, N14>100) -> 0 | V14: =IF(AND(L14>200,K14>3000),"Top Performer", IF(AND(L14>=100,K14>=1000),"Average Performer","Low Performer")) -> Low Performer | W14: {=_xlfn.IFS(N14>=20, "High",N14>=10, "Medium", N14<10, "Low")} -> #NAME? | X14: =IF(I14>1000, "High Budget",IF(I14>=500, "Medium Budget", "Low Budget")) -> High Budget | Y14: =VLOOKUP(G14, Lookup_table!B:C,2,0) -> 0.2 | Z14: =IF(I14/K14<Y14, "Efficient Spend", "Inefficient Spend") -> Inefficient Spend | AA14: =VLOOKUP(H14, Lookup_table!E:F,2,0) -> Medium
A15: MKT1013 | B15: 45459 | C15: C267 | D15: 57 | E15: Male | F15: South Africa | G15: Facebook Ads | H15: Discount | I15: 151.38 | J15: 11942 | K15: 4640 | L15: 59 | M15: 3 | N15: 38.854463 | O15: 1.2715517 | P15: =IF(ISBLANK(M15), $S$2, M15) -> 3 | V15: =IF(AND(L15>200,K15>3000),"Top Performer", IF(AND(L15>=100,K15>=1000),"Average Performer","Low Performer")) -> Low Performer | W15: {=_xlfn.IFS(N15>=20, "High",N15>=10, "Medium", N15<10, "Low")} -> #NAME? | X15: =IF(I15>1000, "High Budget",IF(I15>=500, "Medium Budget", "Low Budget")) -> Low Budget | Y15: =VLOOKUP(G15, Lookup_table!B:C,2,0) -> 0.5 | Z15: =IF(I15/K15<Y15, "Efficient Spend", "Inefficient Spend") -> Efficient Spend | AA15: =VLOOKUP(H15, Lookup_table!E:F,2,0) -> Medium
A16: MKT1014 | B16: 45360 | C16: C290 | D16: 36 | E16: Female | F16: USA | G16: Facebook Ads | H16: Discount | I16: 782.56 | J16: 9132 | K16: 1618 | L16: 74 | M16: 1 | N16: 17.717915 | O16: 4.5735476 | P16: =IF(ISBLANK(M16), $S$2, M16) -> 1 | V16: =IF(AND(L16>200,K16>3000),"Top Performer", IF(AND(L16>=100,K16>=1000),"Average Performer","Low Performer")) -> Low Performer | W16: {=_xlfn.IFS(N16>=20, "High",N16>=10, "Medium", N16<10, "Low")} -> #NAME? | X16: =IF(I16>1000, "High Budget",IF(I16>=500, "Medium Budget", "Low Budget")) -> Medium Budget | Y16: =VLOOKUP(G16, Lookup_table!B:C,2,0) -> 0.5 | Z16: =IF(I16/K16<Y16, "Efficient Spend", "Inefficient Spend") -> Efficient Spend | AA16: =VLOOKUP(H16, Lookup_table!E:F,2,0) -> Medium
A17: MKT1015 | B17: 45292 | C17: C300 | D17: 38 | E17: Male | F17: Ghana | G17: Instagram | H17: Holiday Promo | I17: 1170.73 | J17: 45111 | K17: 602 | L17: 207 | M17: 1 | N17: 1.334486 | O17: 34.385382 | P17: =IF(ISBLANK(M17), $S$2, M17) -> 1 | V17: =IF(AND(L17>200,K17>3000),"Top Performer", IF(AND(L17>=100,K17>=1000),"Average Performer","Low Performer")) -> Low Performer | W17: {=_xlfn.IFS(N17>=20, "High",N17>=10, "Medium", N17<10, "Low")} -> #NAME? | X17: =IF(I17>1000, "High Budget",IF(I17>=500, "Medium Budget", "Low Budget")) -> High Budget | Y17: =VLOOKUP(G17, Lookup_table!B:C,2,0) -> 0.75 | Z17: =IF(I17/K17<Y17, "Efficient Spend", "Inefficient Spend") -> Inefficient Spend | AA17: =VLOOKUP(H17, Lookup_table!E:F,2,0) -> High
A18: MKT1016 | B18: 45367 | C18: C300 | D18: 41 | E18: Male | F18: Kenya | G18: Referral | H18: Holiday Promo | I18: 1924.46 | J18: 5516 | K18: 4976 | L18: 221 | M18: 5 | N18: 90.210297 | O18: 4.4413183 | P18: =IF(ISBLANK(M18), $S$2, M18) -> 5 | V18: =IF(AND(L18>200,K18>3000),"Top Performer", IF(AND(L18>=100,K18>=1000),"Average Performer","Low Performer")) -> Top Performer | W18: {=_xlfn.IFS(N18>=20, "High",N18>=10, "Medium", N18<10, "Low")} -> #NAME? | X18: =IF(I18>1000, "High Budget",IF(I18>=500, "Medium Budget", "Low Budget")) -> High Budget | Y18: =VLOOKUP(G18, Lookup_table!B:C,2,0) -> 0.3 | Z18: =IF(I18/K18<Y18, "Efficient Spend", "Inefficient Spend") -> Inefficient Spend | AA18: =VLOOKUP(H18, Lookup_table!E:F,2,0) -> High
A19: MKT1017 | B19: 45603 | C19: C210 | D19: 46 | E19: Male | F19: South Africa | G19: Email | H19: Product Launch | I19: 1929.87 | J19: 9198 | K19: 497 | L19: 300 | M19: 5 | N19: 5.4033486 | O19: 60.362173 | P19: =IF(ISBLANK(M19), $S$2, M19) -> 5 | V19: =IF(AND(L19>200,K19>3000),"Top Performer", IF(AND(L19>=100,K19>=1000),"Average Performer","Low Performer")) -> Low Performer | W19: {=_xlfn.IFS(N19>=20, "High",N19>=10, "Medium", N19<10, "Low")} -> #NAME? | X19: =IF(I19>1000, "High Budget",IF(I19>=500, "Medium Budget", "Low Budget")) -> High Budget | Y19: =VLOOKUP(G19, Lookup_table!B:C,2,0) -> 0.2 | Z19: =IF(I19/K19<Y19, "Efficient Spend", "Inefficient Spend") -> Inefficient Spend | AA19: =VLOOKUP(H19, Lookup_table!E:F,2,0) -> High
A20: MKT1018 | B20: 45542 | C20: C211 | D20: 46 | E20: Female | F20: Kenya | G20: Email | H20: Brand Awareness | I20: 1527.84 | J20: 13127 | K20: 4960 | L20: 351 | M20: 5 | N20: 37.784719 | O20: 7.0766129 | P20: =IF(ISBLANK(M20), $S$2, M20) -> 5 | V20: =IF(AND(L20>200,K20>3000),"Top Performer", IF(AND(L20>=100,K20>=1000),"Average Performer","Low Performer")) -> Top Performer | W20: {=_xlfn.IFS(N20>=20, "High",N20>=10, "Medium", N20<10, "Low")} -> #NAME? | X20: =IF(I20>1000, "High Budget",IF(I20>=500, "Medium Budget", "Low Budget")) -> High Budget | Y20: =VLOOKUP(G20, Lookup_table!B:C,2,0) -> 0.2 | Z20: =IF(I20/K20<Y20, "Efficient Spend", "Inefficient Spend") -> Inefficient Spend | AA20: =VLOOKUP(H20, Lookup_table!E:F,2,0) -> Medium
A21: MKT1019 | B21: 45298 | C21: C341 | D21: 33 | E21: Female | F21: South Africa | G21: Email | H21: Brand Awareness | I21: 149.18 | J21: 33722 | K21: 3046 | L21: 323 | M21: 4 | N21: 9.032679 | O21: 10.604071 | P21: =IF(ISBLANK(M21), $S$2, M21) -> 4 | V21: =IF(AND(L21>200,K21>3000),"Top Performer", IF(AND(L21>=100,K21>=1000),"Average Performer","Low Performer")) -> Top Performer | W21: {=_xlfn.IFS(N21>=20, "High",N21>=10, "Medium", N21<10, "Low")} -> #NAME? | X21: =IF(I21>1000, "High Budget",IF(I21>=500, "Medium Budget", "Low Budget")) -> Low Budget | Y21: =VLOOKUP(G21, Lookup_table!B:C,2,0) -> 0.2 | Z21: =IF(I21/K21<Y21, "Efficient Spend", "Inefficient Spend") -> Efficient Spend | AA21: =VLOOKUP(H21, Lookup_table!E:F,2,0) -> Medium
A22: MKT1020 | B22: 45567 | C22: C359 | D22: 63 | E22: Other | F22: Kenya | G22: Instagram | H22: Holiday Promo | I22: 1226.99 | J22: 5271 | K22: 717 | L22: 289 | M22: 4 | N22: 13.602732 | O22: 40.306834 | P22: =IF(ISBLANK(M22), $S$2, M22) -> 4 | V22: =IF(AND(L22>200,K22>3000),"Top Performer", IF(AND(L22>=100,K22>=1000),"Average Performer","Low Performer")) -> Low Performer | W22: {=_xlfn.IFS(N22>=20, "High",N22>=10, "Medium", N22<10, "Low")} -> #NAME? | X22: =IF(I22>1000, "High Budget",IF(I22>=500, "Medium Budget", "Low Budget")) -> High Budget | Y22: =VLOOKUP(G22, Lookup_table!B:C,2,0) -> 0.75 | Z22: =IF(I22/K22<Y22, "Efficient Spend", "Inefficient Spend") -> Inefficient Spend | AA22: =VLOOKUP(H22, Lookup_table!E:F,2,0) -> High
A23: MKT1021 | B23: 45336 | C23: C298 | D23: 51 | E23: Female | F23: Ghana | G23: Google Ads | H23: Brand Awareness | I23: 948.77 | J23: 11269 | K23: 1703 | L23: 321 | M23: 2 | N23: 15.112255 | O23: 18.84909 | P23: =IF(ISBLANK(M23), $S$2, M23) -> 2 | V23: =IF(AND(L23>200,K23>3000),"Top Performer", IF(AND(L23>=100,K23>=1000),"Average Performer","Low Performer")) -> Average Performer | W23: {=_xlfn.IFS(N23>=20, "High",N23>=10, "Medium", N23<10, "Low")} -> #NAME? | X23: =IF(I23>1000, "High Budget",IF(I23>=500, "Medium Budget", "Low Budget")) -> Medium Budget | Y23: =VLOOKUP(G23, Lookup_table!B:C,2,0) -> 1.2 | Z23: =IF(I23/K23<Y23, "Efficient Spend", "Inefficient Spend") -> Efficient Spend | AA23: =VLOOKUP(H23, Lookup_table!E:F,2,0) -> Medium
A24: MKT1022 | B24: 45483 | C24: C367 | D24: 18 | E24: Female | F24: UK | G24: Email | H24: Discount | I24: 1314.42 | J24: 46761 | K24: 3166 | L24: 267 | M24: 4 | N24: 6.7705994 | O24: 8.4333544 | P24: =IF(ISBLANK(M24), $S$2, M24) -> 4 | V24: =IF(AND(L24>200,K24>3000),"Top Performer", IF(AND(L24>=100,K24>=1000),"Average Performer","Low Performer")) -> Top Performer | W24: {=_xlfn.IFS(N24>=20, "High",N24>=10, "Medium", N24<10, "Low")} -> #NAME? | X24: =IF(I24>1000, "High Budget",IF(I24>=500, "Medium Budget", "Low Budget")) -> High Budget | Y24: =VLOOKUP(G24, Lookup_table!B:C,2,0) -> 0.2 | Z24: =IF(I24/K24<Y24, "Efficient Spend", "Inefficient Spend") -> Inefficient Spend | AA24: =VLOOKUP(H24, Lookup_table!E:F,2,0) -> Medium
A25: MKT1023 | B25: 45617 | C25: C363 | D25: 19 | E25: Male | F25: South Africa | G25: Google Ads | H25: Discount | I25: 820.68 | J25: 31180 | K25: 3849 | L25: 261 | M25: 3 | N25: 12.344452 | O25: 6.7809821 | P25: =IF(ISBLANK(M25), $S$2, M25) -> 3 | V25: =IF(AND(L25>200,K25>3000),"Top Performer", IF(AND(L25>=100,K25>=1000),"Average Performer","Low Performer")) -> Top Performer | W25: {=_xlfn.IFS(N25>=20, "High",N25>=10, "Medium", N25<10, "Low")} -> #NAME? | X25: =IF(I25>1000, "High Budget",IF(I25>=500, "Medium Budget", "Low Budget")) -> Medium Budget | Y25: =VLOOKUP(G25, Lookup_table!B:C,2,0) -> 1.2 | Z25: =IF(I25/K25<Y25, "Efficient Spend", "Inefficient Spend") -> Efficient Spend | AA25: =VLOOKUP(H25, Lookup_table!E:F,2,0) -> Medium
A26: MKT1024 | B26: 45604 | C26: C224 | D26: 42 | E26: Other | F26: UK | G26: Referral | H26: Discount | I26: 1019.29 | J26: 11855 | K26: 482 | L26: 113 | N26: 4.065795 | O26: 23.443983 | P26: =IF(ISBLANK(M26), $S$2, M26) -> 3 | V26: =IF(AND(L26>200,K26>3000),"Top Performer", IF(AND(L26>=100,K26>=1000),"Average Performer","Low Performer")) -> Low Performer | W26: {=_xlfn.IFS(N26>=20, "High",N26>=10, "Medium", N26<10, "Low")} -> #NAME? | X26: =IF(I26>1000, "High Budget",IF(I26>=500, "Medium Budget", "Low Budget")) -> High Budget | Y26: =VLOOKUP(G26, Lookup_table!B:C,2,0) -> 0.3 | Z26: =IF(I26/K26<Y26, "Efficient Spend", "Inefficient Spend") -> Inefficient Spend | AA26: =VLOOKUP(H26, Lookup_table!E:F,2,0) -> Medium
A27: MKT1025 | B27: 45444 | C27: C338 | D27: 57 | E27: Female | F27: Ghana | G27: Instagram | H27: Holiday Promo | I27: 921.21 | J27: 33409 | K27: 3245 | L27: 6 | N27: 9.7129516 | O27: 0.18489985 | P27: =IF(ISBLANK(M27), $S$2, M27) -> 3 | V27: =IF(AND(L27>200,K27>3000),"Top Performer", IF(AND(L27>=100,K27>=1000),"Average Performer","Low Performer")) -> Low Performer | W27: {=_xlfn.IFS(N27>=20, "High",N27>=10, "Medium", N27<10, "Low")} -> #NAME? | X27: =IF(I27>1000, "High Budget",IF(I27>=500, "Medium Budget", "Low Budget")) -> Medium Budget | Y27: =VLOOKUP(G27, Lookup_table!B:C,2,0) -> 0.75 | Z27: =IF(I27/K27<Y27, "Efficient Spend", "Inefficient Spend") -> Efficient Spend | AA27: =VLOOKUP(H27, Lookup_table!E:F,2,0) -> High
A28: MKT1026 | B28: 45475 | C28: C280 | D28: 54 | E28: Male | F28: Kenya | G28: Instagram | H28: Holiday Promo | I28: 312.38 | J28: 5193 | K28: 2334 | L28: 253 | M28: 2 | N28: 44.945118 | O28: 10.83976 | P28: =IF(ISBLANK(M28), $S$2, M28) -> 2 | V28: =IF(AND(L28>200,K28>3000),"Top Performer", IF(AND(L28>=100,K28>=1000),"Average Performer","Low Performer")) -> Average Performer | W28: {=_xlfn.IFS(N28>=20, "High",N28>=10, "Medium", N28<10, "Low")} -> #NAME? | X28: =IF(I28>1000, "High Budget",IF(I28>=500, "Medium Budget", "Low Budget")) -> Low Budget | Y28: =VLOOKUP(G28, Lookup_table!B:C,2,0) -> 0.75 | Z28: =IF(I28/K28<Y28, "Efficient Spend", "Inefficient Spend") -> Efficient Spend | AA28: =VLOOKUP(H28, Lookup_table!E:F,2,0) -> High
A29: MKT1027 | B29: 45404 | C29: C246 | D29: 41 | E29: Female | G29: Google Ads | H29: Discount | I29: 1461.16 | J29: 29339 | K29: 2849 | L29: 67 | N29: 9.7106241 | O29: 2.3517024 | P29: =IF(ISBLANK(M29), $S$2, M29) -> 3 | V29: =IF(AND(L29>200,K29>3000),"Top Performer", IF(AND(L29>=100,K29>=1000),"Average Performer","Low Performer")) -> Low Performer | W29: {=_xlfn.IFS(N29>=20, "High",N29>=10, "Medium", N29<10, "Low")} -> #NAME? | X29: =IF(I29>1000, "High Budget",IF(I29>=500, "Medium Budget", "Low Budget")) -> High Budget | Y29: =VLOOKUP(G29, Lookup_table!B:C,2,0) -> 1.2 | Z29: =IF(I29/K29<Y29, "Efficient Spend", "Inefficient Spend") -> Efficient Spend | AA29: =VLOOKUP(H29, Lookup_table!E:F,2,0) -> Medium
A30: MKT1028 | B30: 45543 | C30: C350 | D30: 40 | E30: Female | F30: USA | G30: Google Ads | H30: Discount | I30: 64.23 | J30: 14536 | K30: 2927 | L30: 375 | N30: 20.136214 | O30: 12.811753 | P30: =IF(ISBLANK(M30), $S$2, M30) -> 3 | V30: =IF(AND(L30>200,K30>3000),"Top Performer", IF(AND(L30>=100,K30>=1000),"Average Performer","Low Performer")) -> Average Performer | W30: {=_xlfn.IFS(N30>=20, "High",N30>=10, "Medium", N30<10, "Low")} -> #NAME? | X30: =IF(I30>1000, "High Budget",IF(I30>=500, "Medium Budget", "Low Budget")) -> Low Budget | Y30: =VLOOKUP(G30, Lookup_table!B:C,2,0) -> 1.2 | Z30: =IF(I30/K30<Y30, "Efficient Spend", "Inefficient Spend") -> Efficient Spend | AA30: =VLOOKUP(H30, Lookup_table!E:F,2,0) -> Medium
A31: MKT1029 | B31: 45481 | C31: C363 | D31: 61 | E31: Male | F31: USA | G31: Instagram | H31: Holiday Promo | I31: 987.76 | J31: 1245 | K31: 4323 | L31: 119 | M31: 5 | N31: 347.22892 | O31: 2.752718 | P31: =IF(ISBLANK(M31), $S$2, M31) -> 5 | U31: =COUNTIF(N27:N1000, N31>100) -> 0 | V31: =IF(AND(L31>200,K31>3000),"Top Performer", IF(AND(L31>=100,K31>=1000),"Average Performer","Low Performer")) -> Average Performer | W31: {=_xlfn.IFS(N31>=20, "High",N31>=10, "Medium", N31<10, "Low")} -> #NAME? | X31: =IF(I31>1000, "High Budget",IF(I31>=500, "Medium Budget", "Low Budget")) -> Medium Budget | Y31: =VLOOKUP(G31, Lookup_table!B:C,2,0) -> 0.75 | Z31: =IF(I31/K31<Y31, "Efficient Spend", "Inefficient Spend") -> Efficient Spend | AA31: =VLOOKUP(H31, Lookup_table!E:F,2,0) -> High
A32: MKT1030 | B32: 45582 | C32: C313 | D32: 19 | E32: Male | F32: Kenya | G32: Referral | H32: Product Launch | I32: 1670.14 | J32: 47856 | K32: 3265 | L32: 392 | M32: 3 | N32: 6.822551 | O32: 12.006126 | P32: =IF(ISBLANK(M32), $S$2, M32) -> 3 | V32: =IF(AND(L32>200,K32>3000),"Top Performer", IF(AND(L32>=100,K32>=1000),"Average Performer","Low Performer")) -> Top Performer | W32: {=_xlfn.IFS(N32>=20, "High",N32>=10, "Medium", N32<10, "Low")} -> #NAME? | X32: =IF(I32>1000, "High Budget",IF(I32>=500, "Medium Budget", "Low Budget")) -> High Budget | Y32: =VLOOKUP(G32, Lookup_table!B:C,2,0) -> 0.3 | Z32: =IF(I32/K32<Y32, "Efficient Spend", "Inefficient Spend") -> Inefficient Spend | AA32: =VLOOKUP(H32, Lookup_table!E:F,2,0) -> High
A33: MKT1031 | B33: 45604 | C33: C207 | D33: 38 | E33: Male | F33: South Africa | G33: Facebook Ads | H33: Product Launch | I33: 1582.87 | J33: 18161 | K33: 3759 | L33: 384 | M33: 2 | N33: 20.698199 | O33: 10.215483 | P33: =IF(ISBLANK(M33), $S$2, M33) -> 2 | V33: =IF(AND(L33>200,K33>3000),"Top Performer", IF(AND(L33>=100,K33>=1000),"Average Performer","Low Performer")) -> Top Performer | W33: {=_xlfn.IFS(N33>=20, "High",N33>=10, "Medium", N33<10, "Low")} -> #NAME? | X33: =IF(I33>1000, "High Budget",IF(I33>=500, "Medium Budget", "Low Budget")) -> High Budget | Y33: =VLOOKUP(G33, Lookup_table!B:C,2,0) -> 0.5 | Z33: =IF(I33/K33<Y33, "Efficient Spend", "Inefficient Spend") -> Efficient Spend | AA33: =VLOOKUP(H33, Lookup_table!E:F,2,0) -> High
A34: MKT1032 | B34: 45493 | C34: C246 | D34: 26 | E34: Other | F34: USA | G34: Facebook Ads | H34: Holiday Promo | I34: 688.82 | J34: 44318 | K34: 2759 | L34: 389 | M34: 3 | N34: 6.2254614 | O34: 14.099311 | P34: =IF(ISBLANK(M34), $S$2, M34) -> 3 | V34: =IF(AND(L34>200,K34>3000),"Top Performer", IF(AND(L34>=100,K34>=1000),"Average Performer","Low Performer")) -> Average Performer | W34: {=_xlfn.IFS(N34>=20, "High",N34>=10, "Medium", N34<10, "Low")} -> #NAME? | X34: =IF(I34>1000, "High Budget",IF(I34>=500, "Medium Budget", "Low Budget")) -> Medium Budget | Y34: =VLOOKUP(G34, Lookup_table!B:C,2,0) -> 0.5 | Z34: =IF(I34/K34<Y34, "Efficient Spend", "Inefficient Spend") -> Efficient Spend | AA34: =VLOOKUP(H34, Lookup_table!E:F,2,0) -> High
A35: MKT1033 | B35: 45330 | C35: C255 | D35: 41 | E35: Other | F35: Ghana | G35: Email | H35: Holiday Promo | I35: 1079.14 | J35: 48566 | K35: 610 | L35: 85 | N35: 1.2560227 | O35: 13.934426 | P35: =IF(ISBLANK(M35), $S$2, M35) -> 3 | V35: =IF(AND(L35>200,K35>3000),"Top Performer", IF(AND(L35>=100,K35>=1000),"Average Performer","Low Performer")) -> Low Performer | W35: {=_xlfn.IFS(N35>=20, "High",N35>=10, "Medium", N35<10, "Low")} -> #NAME? | X35: =IF(I35>1000, "High Budget",IF(I35>=500, "Medium Budget", "Low Budget")) -> High Budget | Y35: =VLOOKUP(G35, Lookup_table!B:C,2,0) -> 0.2 | Z35: =IF(I35/K35<Y35, "Efficient Spend", "Inefficient Spend") -> Inefficient Spend | AA35: =VLOOKUP(H35, Lookup_table!E:F,2,0) -> High
A36: MKT1034 | B36: 45552 | C36: C283 | D36: 64 | E36: Other | F36: South Africa | G36: Google Ads | H36: Brand Awareness | I36: 1823.94 | J36: 22377 | K36: 803 | L36: 72 | M36: 3 | N36: 3.5885061 | O36: 8.9663761 | P36: =IF(ISBLANK(M36), $S$2, M36) -> 3 | V36: =IF(AND(L36>200,K36>3000),"Top Performer", IF(AND(L36>=100,K36>=1000),"Average Performer","Low Performer")) -> Low Performer | W36: {=_xlfn.IFS(N36>=20, "High",N36>=10, "Medium", N36<10, "Low")} -> #NAME? | X36: =IF(I36>1000, "High Budget",IF(I36>=500, "Medium Budget", "Low Budget")) -> High Budget | Y36: =VLOOKUP(G36, Lookup_table!B:C,2,0) -> 1.2 | Z36: =IF(I36/K36<Y36, "Efficient Spend", "Inefficient Spend") -> Inefficient Spend | AA36: =VLOOKUP(H36, Lookup_table!E:F,2,0) -> Medium
A37: MKT1035 | B37: 45429 | C37: C334 | D37: 45 | E37: Male | F37: Ghana | G37: Email | H37: Brand Awareness | I37: 654.81 | J37: 38824 | K37: 1908 | L37: 68 | M37: 5 | N37: 4.9144859 | O37: 3.5639413 | P37: =IF(ISBLANK(M37), $S$2, M37) -> 5 | V37: =IF(AND(L37>200,K37>3000),"Top Performer", IF(AND(L37>=100,K37>=1000),"Average Performer","Low Performer")) -> Low Performer | W37: {=_xlfn.IFS(N37>=20, "High",N37>=10, "Medium", N37<10, "Low")} -> #NAME? | X37: =IF(I37>1000, "High Budget",IF(I37>=500, "Medium Budget", "Low Budget")) -> Medium Budget | Y37: =VLOOKUP(G37, Lookup_table!B:C,2,0) -> 0.2 | Z37: =IF(I37/K37<Y37, "Efficient Spend", "Inefficient Spend") -> Inefficient Spend | AA37: =VLOOKUP(H37, Lookup_table!E:F,2,0) -> Medium
A38: MKT1036 | B38: 45635 | C38: C288 | D38: 53 | E38: Other | F38: Nigeria | G38: Email | H38: Discount | I38: 1182.54 | J38: 26747 | K38: 100 | L38: 348 | M38: 4 | N38: 0.37387371 | O38: 348 | P38: =IF(ISBLANK(M38), $S$2, M38) -> 4 | V38: =IF(AND(L38>200,K38>3000),"Top Performer", IF(AND(L38>=100,K38>=1000),"Average Performer","Low Performer")) -> Low Performer | W38: {=_xlfn.IFS(N38>=20, "High",N38>=10, "Medium", N38<10, "Low")} -> #NAME? | X38: =IF(I38>1000, "High Budget",IF(I38>=500, "Medium Budget", "Low Budget")) -> High Budget | Y38: =VLOOKUP(G38, Lookup_table!B:C,2,0) -> 0.2 | Z38: =IF(I38/K38<Y38, "Efficient Spend", "Inefficient Spend") -> Inefficient Spend | AA38: =VLOOKUP(H38, Lookup_table!E:F,2,0) -> Medium
A39: MKT1037 | B39: 45487 | C39: C243 | D39: 41 | E39: Other | G39: Facebook Ads | H39: Brand Awareness | I39: 1871.43 | J39: 43985 | K39: 2058 | L39: 237 | N39: 4.6788678 | O39: 11.516035 | P39: =IF(ISBLANK(M39), $S$2, M39) -> 3 | V39: =IF(AND(L39>200,K39>3000),"Top Performer", IF(AND(L39>=100,K39>=1000),"Average Performer","Low Performer")) -> Average Performer | W39: {=_xlfn.IFS(N39>=20, "High",N39>=10, "Medium", N39<10, "Low")} -> #NAME? | X39: =IF(I39>1000, "High Budget",IF(I39>=500, "Medium Budget", "Low Budget")) -> High Budget | Y39: =VLOOKUP(G39, Lookup_table!B:C,2,0) -> 0.5 | Z39: =IF(I39/K39<Y39, "Efficient Spend", "Inefficient Spend") -> Inefficient Spend | AA39: =VLOOKUP(H39, Lookup_table!E:F,2,0) -> Medium
A40: MKT1038 | B40: 45364 | C40: C263 | D40: 40 | E40: Female | F40: USA | G40: Google Ads | H40: Brand Awareness | I40: 1909.57 | J40: 38605 | K40: 1277 | L40: 345 | N40: 3.3078617 | O40: 27.016445 | P40: =IF(ISBLANK(M40), $S$2, M40) -> 3 | V40: =IF(AND(L40>200,K40>3000),"Top Performer", IF(AND(L40>=100,K40>=1000),"Average Performer","Low Performer")) -> Average Performer | W40: {=_xlfn.IFS(N40>=20, "High",N40>=10, "Medium", N40<10, "Low")} -> #NAME? | X40: =IF(I40>1000, "High Budget",IF(I40>=500, "Medium Budget", "Low Budget")) -> High Budget | Y40: =VLOOKUP(G40, Lookup_table!B:C,2,0) -> 1.2 | Z40: =IF(I40/K40<Y40, "Efficient Spend", "Inefficient Spend") -> Inefficient Spend | AA40: =VLOOKUP(H40, Lookup_table!E:F,2,0) -> Medium
A41: MKT1039 | B41: 45631 | C41: C339 | D41: 43 | E41: Female | F41: USA | G41: Referral | H41: Holiday Promo | I41: 1376.17 | J41: 15902 | K41: 526 | L41: 289 | M41: 5 | N41: 3.30776 | O41: 54.942966 | P41: =IF(ISBLANK(M41), $S$2, M41) -> 5 | V41: =IF(AND(L41>200,K41>3000),"Top Performer", IF(AND(L41>=100,K41>=1000),"Average Performer","Low Performer")) -> Low Performer | W41: {=_xlfn.IFS(N41>=20, "High",N41>=10, "Medium", N41<10, "Low")} -> #NAME? | X41: =IF(I41>1000, "High Budget",IF(I41>=500, "Medium Budget", "Low Budget")) -> High Budget | Y41: =VLOOKUP(G41, Lookup_table!B:C,2,0) -> 0.3 | Z41: =IF(I41/K41<Y41, "Efficient Spend", "Inefficient Spend") -> Inefficient Spend | AA41: =VLOOKUP(H41, Lookup_table!E:F,2,0) -> High
A42: MKT1040 | B42: 45549 | C42: C370 | D42: 43 | E42: Male | F42: South Africa | G42: Google Ads | H42: Brand Awareness | I42: 1962.25 | J42: 37012 | K42: 4018 | L42: 70 | M42: 1 | N42: 10.855939 | O42: 1.7421603 | P42: =IF(ISBLANK(M42), $S$2, M42) -> 1 | V42: =IF(AND(L42>200,K42>3000),"Top Performer", IF(AND(L42>=100,K42>=1000),"Average Performer","Low Performer")) -> Low Performer | W42: {=_xlfn.IFS(N42>=20, "High",N42>=10, "Medium", N42<10, "Low")} -> #NAME? | X42: =IF(I42>1000, "High Budget",IF(I42>=500, "Medium Budget", "Low Budget")) -> High Budget | Y42: =VLOOKUP(G42, Lookup_table!B:C,2,0) -> 1.2 | Z42: =IF(I42/K42<Y42, "Efficient Spend", "Inefficient Spend") -> Efficient Spend | AA42: =VLOOKUP(H42, Lookup_table!E:F,2,0) -> Medium
A43: MKT1041 | B43: 45484 | C43: C293 | D43: 64 | E43: Other | F43: Kenya | G43: Facebook Ads | H43: Discount | I43: 1563.06 | J43: 41009 | K43: 2687 | L43: 126 | N43: 6.5522202 | O43: 4.6892445 | P43: =IF(ISBLANK(M43), $S$2, M43) -> 3 | V43: =IF(AND(L43>200,K43>3000),"Top Performer", IF(AND(L43>=100,K43>=1000),"Average Performer","Low Performer")) -> Average Performer | W43: {=_xlfn.IFS(N43>=20, "High",N43>=10, "Medium", N43<10, "Low")} -> #NAME? | X43: =IF(I43>1000, "High Budget",IF(I43>=500, "Medium Budget", "Low Budget")) -> High Budget | Y43: =VLOOKUP(G43, Lookup_table!B:C,2,0) -> 0.5 | Z43: =IF(I43/K43<Y43, "Efficient Spend", "Inefficient Spend") -> Inefficient Spend | AA43: =VLOOKUP(H43, Lookup_table!E:F,2,0) -> Medium
A44: MKT1042 | B44: 45641 | C44: C366 | D44: 48 | E44: Male | F44: USA | G44: Facebook Ads | H44: Holiday Promo | I44: 1949.17 | J44: 7283 | K44: 4633 | L44: 399 | M44: 3 | N44: 63.613895 | O44: 8.6121304 | P44: =IF(ISBLANK(M44), $S$2, M44) -> 3 | V44: =IF(AND(L44>200,K44>3000),"Top Performer", IF(AND(L44>=100,K44>=1000),"Average Performer","Low Performer")) -> Top Performer | W44: {=_xlfn.IFS(N44>=20, "High",N44>=10, "Medium", N44<10, "Low")} -> #NAME? | X44: =IF(I44>1000, "High Budget",IF(I44>=500, "Medium Budget", "Low Budget")) -> High Budget | Y44: =VLOOKUP(G44, Lookup_table!B:C,2,0) -> 0.5 | Z44: =IF(I44/K44<Y44, "Efficient Spend", "Inefficient Spend") -> Efficient Spend | AA44: =VLOOKUP(H44, Lookup_table!E:F,2,0) -> High
A45: MKT1043 | B45: 45384 | C45: C234 | D45: 60 | E45: Other | F45: Nigeria | G45: Instagram | H45: Discount | I45: 1359.28 | J45: 3809 | K45: 831 | L45: 263 | M45: 4 | N45: 21.81675 | O45: 31.648616 | P45: =IF(ISBLANK(M45), $S$2, M45) -> 4 | V45: =IF(AND(L45>200,K45>3000),"Top Performer", IF(AND(L45>=100,K45>=1000),"Average Performer","Low Performer")) -> Low Performer | W45: {=_xlfn.IFS(N45>=20, "High",N45>=10, "Medium", N45<10, "Low")} -> #NAME? | X45: =IF(I45>1000, "High Budget",IF(I45>=500, "Medium Budget", "Low Budget")) -> High Budget | Y45: =VLOOKUP(G45, Lookup_table!B:C,2,0) -> 0.75 | Z45: =IF(I45/K45<Y45, "Efficient Spend", "Inefficient Spend") -> Inefficient Spend | AA45: =VLOOKUP(H45, Lookup_table!E:F,2,0) -> Medium
A46: MKT1044 | B46: 45544 | C46: C304 | D46: 30 | E46: Male | F46: Ghana | G46: Email | H46: Product Launch | I46: 1323.7 | J46: 42287 | K46: 2796 | L46: 285 | M46: 5 | N46: 6.6119611 | O46: 10.193133 | P46: =IF(ISBLANK(M46), $S$2, M46) -> 5 | V46: =IF(AND(L46>200,K46>3000),"Top Performer", IF(AND(L46>=100,K46>=1000),"Average Performer","Low Performer")) -> Average Performer | W46: {=_xlfn.IFS(N46>=20, "High",N46>=10, "Medium", N46<10, "Low")} -> #NAME? | X46: =IF(I46>1000, "High Budget",IF(I46>=500, "Medium Budget", "Low Budget")) -> High Budget | Y46: =VLOOKUP(G46, Lookup_table!B:C,2,0) -> 0.2 | Z46: =IF(I46/K46<Y46, "Efficient Spend", "Inefficient Spend") -> Inefficient Spend | AA46: =VLOOKUP(H46, Lookup_table!E:F,2,0) -> High
A47: MKT1045 | B47: 45363 | C47: C209 | D47: 64 | E47: Other | F47: Kenya | G47: Email | H47: Holiday Promo | I47: 162.71 | J47: 28327 | K47: 3653 | L47: 341 | M47: 5 | N47: 12.895824 | O47: 9.3347933 | P47: =IF(ISBLANK(M47), $S$2, M47) -> 5 | V47: =IF(AND(L47>200,K47>3000),"Top Performer", IF(AND(L47>=100,K47>=1000),"Average Performer","Low Performer")) -> Top Performer | W47: {=_xlfn.IFS(N47>=20, "High",N47>=10, "Medium", N47<10, "Low")} -> #NAME? | X47: =IF(I47>1000, "High Budget",IF(I47>=500, "Medium Budget", "Low Budget")) -> Low Budget | Y47: =VLOOKUP(G47, Lookup_table!B:C,2,0) -> 0.2 | Z47: =IF(I47/K47<Y47, "Efficient Spend", "Inefficient Spend") -> Efficient Spend | AA47: =VLOOKUP(H47, Lookup_table!E:F,2,0) -> High
A48: MKT1046 | B48: 45571 | C48: C224 | D48: 63 | E48: Other | F48: USA | G48: Referral | H48: Discount | I48: 1004.84 | J48: 38048 | K48: 1079 | L48: 77 | M48: 4 | N48: 2.8358915 | O48: 7.1362373 | P48: =IF(ISBLANK(M48), $S$2, M48) -> 4 | V48: =IF(AND(L48>200,K48>3000),"Top Performer", IF(AND(L48>=100,K48>=1000),"Average Performer","Low Performer")) -> Low Performer | W48: {=_xlfn.IFS(N48>=20, "High",N48>=10, "Medium", N48<10, "Low")} -> #NAME? | X48: =IF(I48>1000, "High Budget",IF(I48>=500, "Medium Budget", "Low Budget")) -> High Budget | Y48: =VLOOKUP(G48, Lookup_table!B:C,2,0) -> 0.3 | Z48: =IF(I48/K48<Y48, "Efficient Spend", "Inefficient Spend") -> Inefficient Spend | AA48: =VLOOKUP(H48, Lookup_table!E:F,2,0) -> Medium
A49: MKT1047 | B49: 45302 | C49: C377 | D49: 41 | E49: Other | F49: Nigeria | G49: Instagram | H49: Product Launch | I49: 694.66 | J49: 30529 | K49: 26 | L49: 96 | M49: 2 | N49: 0.085164925 | O49: 369.23077 | P49: =IF(ISBLANK(M49), $S$2, M49) -> 2 | V49: =IF(AND(L49>200,K49>3000),"Top Performer", IF(AND(L49>=100,K49>=1000),"Average Performer","Low Performer")) -> Low Performer | W49: {=_xlfn.IFS(N49>=20, "High",N49>=10, "Medium", N49<10, "Low")} -> #NAME? | X49: =IF(I49>1000, "High Budget",IF(I49>=500, "Medium Budget", "Low Budget")) -> Medium Budget | Y49: =VLOOKUP(G49, Lookup_table!B:C,2,0) -> 0.75 | Z49: =IF(I49/K49<Y49, "Efficient Spend", "Inefficient Spend") -> Inefficient Spend | AA49: =VLOOKUP(H49, Lookup_table!E:F,2,0) -> High
A50: MKT1048 | B50: 45525 | C50: C382 | D50: 56 | E50: Male | F50: South Africa | G50: Google Ads | H50: Product Launch | I50: 138.05 | J50: 17610 | K50: 4239 | L50: 114 | M50: 2 | N50: 24.07155 | O50: 2.6893135 | P50: =IF(ISBLANK(M50), $S$2, M50) -> 2 | V50: =IF(AND(L50>200,K50>3000),"Top Performer", IF(AND(L50>=100,K50>=1000),"Average Performer","Low Performer")) -> Average Performer | W50: {=_xlfn.IFS(N50>=20, "High",N50>=10, "Medium", N50<10, "Low")} -> #NAME? | X50: =IF(I50>1000, "High Budget",IF(I50>=500, "Medium Budget", "Low Budget")) -> Low Budget | Y50: =VLOOKUP(G50, Lookup_table!B:C,2,0) -> 1.2 | Z50: =IF(I50/K50<Y50, "Efficient Spend", "Inefficient Spend") -> Efficient Spend | AA50: =VLOOKUP(H50, Lookup_table!E:F,2,0) -> High
A51: MKT1049 | B51: 45583 | C51: C241 | D51: 42 | E51: Male | F51: USA | G51: Google Ads | H51: Brand Awareness | I51: 1288.67 | J51: 33696 | K51: 3552 | L51: 279 | M51: 1 | N51: 10.541311 | O51: 7.8547297 | P51: =IF(ISBLANK(M51), $S$2, M51) -> 1 | V51: =IF(AND(L51>200,K51>3000),"Top Performer", IF(AND(L51>=100,K51>=1000),"Average Performer","Low Performer")) -> Top Performer | W51: {=_xlfn.IFS(N51>=20, "High",N51>=10, "Medium", N51<10, "Low")} -> #NAME? | X51: =IF(I51>1000, "High Budget",IF(I51>=500, "Medium Budget", "Low Budget")) -> High Budget | Y51: =VLOOKUP(G51, Lookup_table!B:C,2,0) -> 1.2 | Z51: =IF(I51/K51<Y51, "Efficient Spend", "Inefficient Spend") -> Efficient Spend | AA51: =VLOOKUP(H51, Lookup_table!E:F,2,0) -> Medium
A52: MKT1050 | B52: 45609 | C52: C217 | D52: 40 | E52: Other | F52: UK | G52: Instagram | H52: Product Launch | I52: 1943.85 | J52: 46596 | K52: 3817 | L52: 121 | M52: 1 | N52: 8.1916903 | O52: 3.1700288 | P52: =IF(ISBLANK(M52), $S$2, M52) -> 1 | V52: =IF(AND(L52>200,K52>3000),"Top Performer", IF(AND(L52>=100,K52>=1000),"Average Performer","Low Performer")) -> Average Performer | W52: {=_xlfn.IFS(N52>=20, "High",N52>=10, "Medium", N52<10, "Low")} -> #NAME? | X52: =IF(I52>1000, "High Budget",IF(I52>=500, "Medium Budget", "Low Budget")) -> High Budget | Y52: =VLOOKUP(G52, Lookup_table!B:C,2,0) -> 0.75 | Z52: =IF(I52/K52<Y52, "Efficient Spend", "Inefficient Spend") -> Efficient Spend | AA52: =VLOOKUP(H52, Lookup_table!E:F,2,0) -> High
A53: MKT1051 | B53: 45443 | C53: C368 | D53: 45 | E53: Male | F53: South Africa | G53: Google Ads | H53: Brand Awareness | I53: 1164.96 | J53: 28535 | K53: 2338 | L53: 326 | M53: 2 | N53: 8.1934466 | O53: 13.943541 | P53: =IF(ISBLANK(M53), $S$2, M53) -> 2 | V53: =IF(AND(L53>200,K53>3000),"Top Performer", IF(AND(L53>=100,K53>=1000),"Average Performer","Low Performer")) -> Average Performer | W53: {=_xlfn.IFS(N53>=20, "High",N53>=10, "Medium", N53<10, "Low")} -> #NAME? | X53: =IF(I53>1000, "High Budget",IF(I53>=500, "Medium Budget", "Low Budget")) -> High Budget | Y53: =VLOOKUP(G53, Lookup_table!B:C,2,0) -> 1.2 | Z53: =IF(I53/K53<Y53, "Efficient Spend", "Inefficient Spend") -> Efficient Spend | AA53: =VLOOKUP(H53, Lookup_table!E:F,2,0) -> Medium
A54: MKT1052 | B54: 45384 | C54: C356 | D54: 20 | E54: Other | F54: Kenya | G54: Instagram | H54: Holiday Promo | I54: 741.59 | J54: 2451 | K54: 3558 | L54: 296 | M54: 3 | N54: 145.16524 | O54: 8.3192805 | P54: =IF(ISBLANK(M54), $S$2, M54) -> 3 | U54: =COUNTIF(N50:N1000, N54>100) -> 0 | V54: =IF(AND(L54>200,K54>3000),"Top Performer", IF(AND(L54>=100,K54>=1000),"Average Performer","Low Performer")) -> Top Performer | W54: {=_xlfn.IFS(N54>=20, "High",N54>=10, "Medium", N54<10, "Low")} -> #NAME? | X54: =IF(I54>1000, "High Budget",IF(I54>=500, "Medium Budget", "Low Budget")) -> Medium Budget | Y54: =VLOOKUP(G54, Lookup_table!B:C,2,0) -> 0.75 | Z54: =IF(I54/K54<Y54, "Efficient Spend", "Inefficient Spend") -> Efficient Spend | AA54: =VLOOKUP(H54, Lookup_table!E:F,2,0) -> High
A55: MKT1053 | B55: 45539 | C55: C340 | D55: 36 | E55: Other | F55: Ghana | G55: Google Ads | H55: Holiday Promo | I55: 1892.73 | J55: 21272 | K55: 1201 | L55: 365 | M55: 4 | N55: 5.6459195 | O55: 30.391341 | P55: =IF(ISBLANK(M55), $S$2, M55) -> 4 | V55: =IF(AND(L55>200,K55>3000),"Top Performer", IF(AND(L55>=100,K55>=1000),"Average Performer","Low Performer")) -> Average Performer | W55: {=_xlfn.IFS(N55>=20, "High",N55>=10, "Medium", N55<10, "Low")} -> #NAME? | X55: =IF(I55>1000, "High Budget",IF(I55>=500, "Medium Budget", "Low Budget")) -> High Budget | Y55: =VLOOKUP(G55, Lookup_table!B:C,2,0) -> 1.2 | Z55: =IF(I55/K55<Y55, "Efficient Spend", "Inefficient Spend") -> Inefficient Spend | AA55: =VLOOKUP(H55, Lookup_table!E:F,2,0) -> High
A56: MKT1054 | B56: 45516 | C56: C299 | D56: 61 | E56: Male | F56: Kenya | G56: Instagram | H56: Holiday Promo | I56: 1379.45 | J56: 724 | K56: 229 | L56: 157 | N56: 31.629834 | O56: 68.558952 | P56: =IF(ISBLANK(M56), $S$2, M56) -> 3 | V56: =IF(AND(L56>200,K56>3000),"Top Performer", IF(AND(L56>=100,K56>=1000),"Average Performer","Low Performer")) -> Low Performer | W56: {=_xlfn.IFS(N56>=20, "High",N56>=10, "Medium", N56<10, "Low")} -> #NAME? | X56: =IF(I56>1000, "High Budget",IF(I56>=500, "Medium Budget", "Low Budget")) -> High Budget | Y56: =VLOOKUP(G56, Lookup_table!B:C,2,0) -> 0.75 | Z56: =IF(I56/K56<Y56, "Efficient Spend", "Inefficient Spend") -> Inefficient Spend | AA56: =VLOOKUP(H56, Lookup_table!E:F,2,0) -> High
A57: MKT1055 | B57: 45441 | C57: C360 | D57: 55 | E57: Male | F57: Nigeria | G57: Email | H57: Product Launch | I57: 355.66 | J57: 1683 | K57: 547 | L57: 299 | M57: 1 | N57: 32.501485 | O57: 54.661792 | P57: =IF(ISBLANK(M57), $S$2, M57) -> 1 | V57: =IF(AND(L57>200,K57>3000),"Top Performer", IF(AND(L57>=100,K57>=1000),"Average Performer","Low Performer")) -> Low Performer | W57: {=_xlfn.IFS(N57>=20, "High",N57>=10, "Medium", N57<10, "Low")} -> #NAME? | X57: =IF(I57>1000, "High Budget",IF(I57>=500, "Medium Budget", "Low Budget")) -> Low Budget | Y57: =VLOOKUP(G57, Lookup_table!B:C,2,0) -> 0.2 | Z57: =IF(I57/K57<Y57, "Efficient Spend", "Inefficient Spend") -> Inefficient Spend | AA57: =VLOOKUP(H57, Lookup_table!E:F,2,0) -> High
A58: MKT1056 | B58: 45648 | C58: C248 | D58: 35 | E58: Female | F58: UK | G58: Instagram | H58: Holiday Promo | I58: 1233.05 | J58: 43478 | K58: 1045 | L58: 301 | M58: 2 | N58: 2.4035144 | O58: 28.803828 | P58: =IF(ISBLANK(M58), $S$2, M58) -> 2 | V58: =IF(AND(L58>200,K58>3000),"Top Performer", IF(AND(L58>=100,K58>=1000),"Average Performer","Low Performer")) -> Average Performer | W58: {=_xlfn.IFS(N58>=20, "High",N58>=10, "Medium", N58<10, "Low")} -> #NAME? | X58: =IF(I58>1000, "High Budget",IF(I58>=500, "Medium Budget", "Low Budget")) -> High Budget | Y58: =VLOOKUP(G58, Lookup_table!B:C,2,0) -> 0.75 | Z58: =IF(I58/K58<Y58, "Efficient Spend", "Inefficient Spend") -> Inefficient Spend | AA58: =VLOOKUP(H58, Lookup_table!E:F,2,0) -> High
A59: MKT1057 | B59: 45359 | C59: C340 | D59: 35 | E59: Other | F59: South Africa | G59: Email | H59: Discount | I59: 1720.54 | J59: 15509 | K59: 1482 | L59: 356 | M59: 3 | N59: 9.5557418 | O59: 24.021592 | P59: =IF(ISBLANK(M59), $S$2, M59) -> 3 | V59: =IF(AND(L59>200,K59>3000),"Top Performer", IF(AND(L59>=100,K59>=1000),"Average Performer","Low Performer")) -> Average Performer | W59: {=_xlfn.IFS(N59>=20, "High",N59>=10, "Medium", N59<10, "Low")} -> #NAME? | X59: =IF(I59>1000, "High Budget",IF(I59>=500, "Medium Budget", "Low Budget")) -> High Budget | Y59: =VLOOKUP(G59, Lookup_table!B:C,2,0) -> 0.2 | Z59: =IF(I59/K59<Y59, "Efficient Spend", "Inefficient Spend") -> Inefficient Spend | AA59: =VLOOKUP(H59, Lookup_table!E:F,2,0) -> Medium
A60: MKT1058 | B60: 45511 | C60: C214 | D60: 22 | E60: Other | F60: USA | G60: Instagram | H60: Holiday Promo | I60: 1566.16 | J60: 28529 | K60: 839 | L60: 361 | M60: 1 | N60: 2.9408672 | O60: 43.027414 | P60: =IF(ISBLANK(M60), $S$2, M60) -> 1 | V60: =IF(AND(L60>200,K60>3000),"Top Performer", IF(AND(L60>=100,K60>=1000),"Average Performer","Low Performer")) -> Low Performer | W60: {=_xlfn.IFS(N60>=20, "High",N60>=10, "Medium", N60<10, "Low")} -> #NAME? | X60: =IF(I60>1000, "High Budget",IF(I60>=500, "Medium Budget", "Low Budget")) -> High Budget | Y60: =VLOOKUP(G60, Lookup_table!B:C,2,0) -> 0.75 | Z60: =IF(I60/K60<Y60, "Efficient Spend", "Inefficient Spend") -> Inefficient Spend | AA60: =VLOOKUP(H60, Lookup_table!E:F,2,0) -> High
A61: MKT1059 | B61: 45311 | C61: C363 | D61: 43 | E61: Male | F61: Ghana | G61: Referral | H61: Holiday Promo | I61: 1018.6 | J61: 2989 | K61: 713 | L61: 105 | M61: 5 | N61: 23.854132 | O61: 14.726508 | P61: =IF(ISBLANK(M61), $S$2, M61) -> 5 | V61: =IF(AND(L61>200,K61>3000),"Top Performer", IF(AND(L61>=100,K61>=1000),"Average Performer","Low Performer")) -> Low Performer | W61: {=_xlfn.IFS(N61>=20, "High",N61>=10, "Medium", N61<10, "Low")} -> #NAME? | X61: =IF(I61>1000, "High Budget",IF(I61>=500, "Medium Budget", "Low Budget")) -> High Budget | Y61: =VLOOKUP(G61, Lookup_table!B:C,2,0) -> 0.3 | Z61: =IF(I61/K61<Y61, "Efficient Spend", "Inefficient Spend") -> Inefficient Spend | AA61: =VLOOKUP(H61, Lookup_table!E:F,2,0) -> High
A62: MKT1060 | B62: 45296 | C62: C303 | D62: 47 | E62: Female | F62: Nigeria | G62: Email | H62: Product Launch | I62: 1383.45 | J62: 38648 | K62: 2706 | L62: 393 | M62: 2 | N62: 7.001656 | O62: 14.523282 | P62: =IF(ISBLANK(M62), $S$2, M62) -> 2 | V62: =IF(AND(L62>200,K62>3000),"Top Performer", IF(AND(L62>=100,K62>=1000),"Average Performer","Low Performer")) -> Average Performer | W62: {=_xlfn.IFS(N62>=20, "High",N62>=10, "Medium", N62<10, "Low")} -> #NAME? | X62: =IF(I62>1000, "High Budget",IF(I62>=500, "Medium Budget", "Low Budget")) -> High Budget | Y62: =VLOOKUP(G62, Lookup_table!B:C,2,0) -> 0.2 | Z62: =IF(I62/K62<Y62, "Efficient Spend", "Inefficient Spend") -> Inefficient Spend | AA62: =VLOOKUP(H62, Lookup_table!E:F,2,0) -> High
A63: MKT1061 | B63: 45567 | C63: C269 | D63: 29 | E63: Male | F63: Kenya | G63: Facebook Ads | H63: Product Launch | I63: 1772.21 | J63: 38917 | K63: 4997 | L63: 57 | M63: 1 | N63: 12.840147 | O63: 1.1406844 | P63: =IF(ISBLANK(M63), $S$2, M63) -> 1 | V63: =IF(AND(L63>200,K63>3000),"Top Performer", IF(AND(L63>=100,K63>=1000),"Average Performer","Low Performer")) -> Low Performer | W63: {=_xlfn.IFS(N63>=20, "High",N63>=10, "Medium", N63<10, "Low")} -> #NAME? | X63: =IF(I63>1000, "High Budget",IF(I63>=500, "Medium Budget", "Low Budget")) -> High Budget | Y63: =VLOOKUP(G63, Lookup_table!B:C,2,0) -> 0.5 | Z63: =IF(I63/K63<Y63, "Efficient Spend", "Inefficient Spend") -> Efficient Spend | AA63: =VLOOKUP(H63, Lookup_table!E:F,2,0) -> High
A64: MKT1062 | B64: 45325 | C64: C356 | D64: 55 | E64: Other | F64: Nigeria | G64: Email | H64: Brand Awareness | I64: 1493.49 | J64: 624 | K64: 2762 | L64: 119 | M64: 4 | N64: 442.62821 | O64: 4.3084721 | P64: =IF(ISBLANK(M64), $S$2, M64) -> 4 | U64: =COUNTIF(N60:N1000, N64>100) -> 0 | V64: =IF(AND(L64>200,K64>3000),"Top Performer", IF(AND(L64>=100,K64>=1000),"Average Performer","Low Performer")) -> Average Performer | W64: {=_xlfn.IFS(N64>=20, "High",N64>=10, "Medium", N64<10, "Low")} -> #NAME? | X64: =IF(I64>1000, "High Budget",IF(I64>=500, "Medium Budget", "Low Budget")) -> High Budget | Y64: =VLOOKUP(G64, Lookup_table!B:C,2,0) -> 0.2 | Z64: =IF(I64/K64<Y64, "Efficient Spend", "Inefficient Spend") -> Inefficient Spend | AA64: =VLOOKUP(H64, Lookup_table!E:F,2,0) -> Medium
A65: MKT1063 | B65: 45415 | C65: C297 | D65: 49 | E65: Female | F65: Ghana | G65: Instagram | H65: Brand Awareness | I65: 1154.26 | J65: 1058 | K65: 2216 | L65: 260 | N65: 209.4518 | O65: 11.732852 | P65: =IF(ISBLANK(M65), $S$2, M65) -> 3 | U65: =COUNTIF(N61:N1001, N65>100) -> 0 | V65: =IF(AND(L65>200,K65>3000),"Top Performer", IF(AND(L65>=100,K65>=1000),"Average Performer","Low Performer")) -> Average Performer | W65: {=_xlfn.IFS(N65>=20, "High",N65>=10, "Medium", N65<10, "Low")} -> #NAME? | X65: =IF(I65>1000, "High Budget",IF(I65>=500, "Medium Budget", "Low Budget")) -> High Budget | Y65: =VLOOKUP(G65, Lookup_table!B:C,2,0) -> 0.75 | Z65: =IF(I65/K65<Y65, "Efficient Spend", "Inefficient Spend") -> Efficient Spend | AA65: =VLOOKUP(H65, Lookup_table!E:F,2,0) -> Medium
A66: MKT1064 | B66: 45578 | C66: C244 | D66: 21 | E66: Other | F66: South Africa | G66: Facebook Ads | H66: Discount | I66: 1956.26 | J66: 37867 | K66: 3402 | L66: 382 | M66: 5 | N66: 8.9840758 | O66: 11.228689 | P66: =IF(ISBLANK(M66), $S$2, M66) -> 5 | V66: =IF(AND(L66>200,K66>3000),"Top Performer", IF(AND(L66>=100,K66>=1000),"Average Performer","Low Performer")) -> Top Performer | W66: {=_xlfn.IFS(N66>=20, "High",N66>=10, "Medium", N66<10, "Low")} -> #NAME? | X66: =IF(I66>1000, "High Budget",IF(I66>=500, "Medium Budget", "Low Budget")) -> High Budget | Y66: =VLOOKUP(G66, Lookup_table!B:C,2,0) -> 0.5 | Z66: =IF(I66/K66<Y66, "Efficient Spend", "Inefficient Spend") -> Inefficient Spend | AA66: =VLOOKUP(H66, Lookup_table!E:F,2,0) -> Medium
A67: MKT1065 | B67: 45477 | C67: C267 | D67: 48 | E67: Male | F67: Nigeria | G67: Referral | H67: Product Launch | I67: 168.77 | J67: 27081 | K67: 2077 | L67: 32 | N67: 7.6695838 | O67: 1.5406837 | P67: =IF(ISBLANK(M67), $S$2, M67) -> 3 | V67: =IF(AND(L67>200,K67>3000),"Top Performer", IF(AND(L67>=100,K67>=1000),"Average Performer","Low Performer")) -> Low Performer | W67: {=_xlfn.IFS(N67>=20, "High",N67>=10, "Medium", N67<10, "Low")} -> #NAME? | X67: =IF(I67>1000, "High Budget",IF(I67>=500, "Medium Budget", "Low Budget")) -> Low Budget | Y67: =VLOOKUP(G67, Lookup_table!B:C,2,0) -> 0.3 | Z67: =IF(I67/K67<Y67, "Efficient Spend", "Inefficient Spend") -> Efficient Spend | AA67: =VLOOKUP(H67, Lookup_table!E:F,2,0) -> High
A68: MKT1066 | B68: 45521 | C68: C371 | D68: 31 | E68: Male | F68: UK | G68: Referral | H68: Discount | I68: 661.87 | J68: 11233 | K68: 824 | L68: 10 | M68: 2 | N68: 7.3355292 | O68: 1.2135922 | P68: =IF(ISBLANK(M68), $S$2, M68) -> 2 | V68: =IF(AND(L68>200,K68>3000),"Top Performer", IF(AND(L68>=100,K68>=1000),"Average Performer","Low Performer")) -> Low Performer | W68: {=_xlfn.IFS(N68>=20, "High",N68>=10, "Medium", N68<10, "Low")} -> #NAME? | X68: =IF(I68>1000, "High Budget",IF(I68>=500, "Medium Budget", "Low Budget")) -> Medium Budget | Y68: =VLOOKUP(G68, Lookup_table!B:C,2,0) -> 0.3 | Z68: =IF(I68/K68<Y68, "Efficient Spend", "Inefficient Spend") -> Inefficient Spend | AA68: =VLOOKUP(H68, Lookup_table!E:F,2,0) -> Medium
A69: MKT1067 | B69: 45621 | C69: C373 | D69: 23 | E69: Other | F69: Kenya | G69: Facebook Ads | H69: Discount | I69: 1911.99 | J69: 25029 | K69: 4641 | L69: 169 | M69: 3 | N69: 18.542491 | O69: 3.6414566 | P69: =IF(ISBLANK(M69), $S$2, M69) -> 3 | V69: =IF(AND(L69>200,K69>3000),"Top Performer", IF(AND(L69>=100,K69>=1000),"Average Performer","Low Performer")) -> Average Performer | W69: {=_xlfn.IFS(N69>=20, "High",N69>=10, "Medium", N69<10, "Low")} -> #NAME? | X69: =IF(I69>1000, "High Budget",IF(I69>=500, "Medium Budget", "Low Budget")) -> High Budget | Y69: =VLOOKUP(G69, Lookup_table!B:C,2,0) -> 0.5 | Z69: =IF(I69/K69<Y69, "Efficient Spend", "Inefficient Spend") -> Efficient Spend | AA69: =VLOOKUP(H69, Lookup_table!E:F,2,0) -> Medium
A70: MKT1068 | B70: 45422 | C70: C367 | D70: 57 | E70: Male | F70: USA | G70: Instagram | H70: Holiday Promo | I70: 110.41 | J70: 5090 | K70: 3051 | L70: 27 | M70: 5 | N70: 59.941061 | O70: 0.88495575 | P70: =IF(ISBLANK(M70), $S$2, M70) -> 5 | V70: =IF(AND(L70>200,K70>3000),"Top Performer", IF(AND(L70>=100,K70>=1000),"Average Performer","Low Performer")) -> Low Performer | W70: {=_xlfn.IFS(N70>=20, "High",N70>=10, "Medium", N70<10, "Low")} -> #NAME? | X70: =IF(I70>1000, "High Budget",IF(I70>=500, "Medium Budget", "Low Budget")) -> Low Budget | Y70: =VLOOKUP(G70, Lookup_table!B:C,2,0) -> 0.75 | Z70: =IF(I70/K70<Y70, "Efficient Spend", "Inefficient Spend") -> Efficient Spend | AA70: =VLOOKUP(H70, Lookup_table!E:F,2,0) -> High
A71: MKT1069 | B71: 45375 | C71: C371 | D71: 18 | E71: Female | F71: USA | G71: Google Ads | H71: Holiday Promo | I71: 1409.27 | J71: 37239 | K71: 2554 | L71: 347 | N71: 6.8584011 | O71: 13.586531 | P71: =IF(ISBLANK(M71), $S$2, M71) -> 3 | V71: =IF(AND(L71>200,K71>3000),"Top Performer", IF(AND(L71>=100,K71>=1000),"Average Performer","Low Performer")) -> Average Performer | W71: {=_xlfn.IFS(N71>=20, "High",N71>=10, "Medium", N71<10, "Low")} -> #NAME? | X71: =IF(I71>1000, "High Budget",IF(I71>=500, "Medium Budget", "Low Budget")) -> High Budget | Y71: =VLOOKUP(G71, Lookup_table!B:C,2,0) -> 1.2 | Z71: =IF(I71/K71<Y71, "Efficient Spend", "Inefficient Spend") -> Efficient Spend | AA71: =VLOOKUP(H71, Lookup_table!E:F,2,0) -> High
A72: MKT1070 | B72: 45313 | C72: C330 | D72: 60 | E72: Male | F72: Kenya | G72: Instagram | H72: Brand Awareness | I72: 1082.13 | J72: 13277 | K72: 4785 | L72: 252 | M72: 1 | N72: 36.039768 | O72: 5.2664577 | P72: =IF(ISBLANK(M72), $S$2, M72) -> 1 | V72: =IF(AND(L72>200,K72>3000),"Top Performer", IF(AND(L72>=100,K72>=1000),"Average Performer","Low Performer")) -> Top Performer | W72: {=_xlfn.IFS(N72>=20, "High",N72>=10, "Medium", N72<10, "Low")} -> #NAME? | X72: =IF(I72>1000, "High Budget",IF(I72>=500, "Medium Budget", "Low Budget")) -> High Budget | Y72: =VLOOKUP(G72, Lookup_table!B:C,2,0) -> 0.75 | Z72: =IF(I72/K72<Y72, "Efficient Spend", "Inefficient Spend") -> Efficient Spend | AA72: =VLOOKUP(H72, Lookup_table!E:F,2,0) -> Medium
A73: MKT1071 | B73: 45411 | C73: C350 | D73: 62 | E73: Female | F73: South Africa | G73: Email | H73: Discount | I73: 1211.99 | J73: 42354 | K73: 2551 | L73: 8 | N73: 6.0230439 | O73: 0.31360251 | P73: =IF(ISBLANK(M73), $S$2, M73) -> 3 | V73: =IF(AND(L73>200,K73>3000),"Top Performer", IF(AND(L73>=100,K73>=1000),"Average Performer","Low Performer")) -> Low Performer | W73: {=_xlfn.IFS(N73>=20, "High",N73>=10, "Medium", N73<10, "Low")} -> #NAME? | X73: =IF(I73>1000, "High Budget",IF(I73>=500, "Medium Budget", "Low Budget")) -> High Budget | Y73: =VLOOKUP(G73, Lookup_table!B:C,2,0) -> 0.2 | Z73: =IF(I73/K73<Y73, "Efficient Spend", "Inefficient Spend") -> Inefficient Spend | AA73: =VLOOKUP(H73, Lookup_table!E:F,2,0) -> Medium
A74: MKT1072 | B74: 45359 | C74: C263 | D74: 33 | E74: Male | F74: Kenya | G74: Facebook Ads | H74: Product Launch | I74: 191.91 | J74: 7346 | K74: 3172 | L74: 137 | M74: 5 | N74: 43.179962 | O74: 4.3190416 | P74: =IF(ISBLANK(M74), $S$2, M74) -> 5 | V74: =IF(AND(L74>200,K74>3000),"Top Performer", IF(AND(L74>=100,K74>=1000),"Average Performer","Low Performer")) -> Average Performer | W74: {=_xlfn.IFS(N74>=20, "High",N74>=10, "Medium", N74<10, "Low")} -> #NAME? | X74: =IF(I74>1000, "High Budget",IF(I74>=500, "Medium Budget", "Low Budget")) -> Low Budget | Y74: =VLOOKUP(G74, Lookup_table!B:C,2,0) -> 0.5 | Z74: =IF(I74/K74<Y74, "Efficient Spend", "Inefficient Spend") -> Efficient Spend | AA74: =VLOOKUP(H74, Lookup_table!E:F,2,0) -> High
A75: MKT1073 | B75: 45495 | C75: C226 | D75: 41 | E75: Other | G75: Instagram | H75: Brand Awareness | I75: 65.67 | J75: 4948 | K75: 524 | L75: 10 | N75: 10.590137 | O75: 1.9083969 | P75: =IF(ISBLANK(M75), $S$2, M75) -> 3 | V75: =IF(AND(L75>200,K75>3000),"Top Performer", IF(AND(L75>=100,K75>=1000),"Average Performer","Low Performer")) -> Low Performer | W75: {=_xlfn.IFS(N75>=20, "High",N75>=10, "Medium", N75<10, "Low")} -> #NAME? | X75: =IF(I75>1000, "High Budget",IF(I75>=500, "Medium Budget", "Low Budget")) -> Low Budget | Y75: =VLOOKUP(G75, Lookup_table!B:C,2,0) -> 0.75 | Z75: =IF(I75/K75<Y75, "Efficient Spend", "Inefficient Spend") -> Efficient Spend | AA75: =VLOOKUP(H75, Lookup_table!E:F,2,0) -> Medium
A76: MKT1074 | B76: 45339 | C76: C244 | D76: 62 | E76: Male | F76: Kenya | G76: Email | H76: Discount | I76: 676.43 | J76: 14970 | K76: 1249 | L76: 22 | M76: 5 | N76: 8.3433534 | O76: 1.7614091 | P76: =IF(ISBLANK(M76), $S$2, M76) -> 5 | V76: =IF(AND(L76>200,K76>3000),"Top Performer", IF(AND(L76>=100,K76>=1000),"Average Performer","Low Performer")) -> Low Performer | W76: {=_xlfn.IFS(N76>=20, "High",N76>=10, "Medium", N76<10, "Low")} -> #NAME? | X76: =IF(I76>1000, "High Budget",IF(I76>=500, "Medium Budget", "Low Budget")) -> Medium Budget | Y76: =VLOOKUP(G76, Lookup_table!B:C,2,0) -> 0.2 | Z76: =IF(I76/K76<Y76, "Efficient Spend", "Inefficient Spend") -> Inefficient Spend | AA76: =VLOOKUP(H76, Lookup_table!E:F,2,0) -> Medium
A77: MKT1075 | B77: 45564 | C77: C338 | D77: 31 | E77: Female | F77: Nigeria | G77: Email | H77: Brand Awareness | I77: 830.1 | J77: 19575 | K77: 1786 | L77: 265 | M77: 4 | N77: 9.1238825 | O77: 14.837626 | P77: =IF(ISBLANK(M77), $S$2, M77) -> 4 | V77: =IF(AND(L77>200,K77>3000),"Top Performer", IF(AND(L77>=100,K77>=1000),"Average Performer","Low Performer")) -> Average Performer | W77: {=_xlfn.IFS(N77>=20, "High",N77>=10, "Medium", N77<10, "Low")} -> #NAME? | X77: =IF(I77>1000, "High Budget",IF(I77>=500, "Medium Budget", "Low Budget")) -> Medium Budget | Y77: =VLOOKUP(G77, Lookup_table!B:C,2,0) -> 0.2 | Z77: =IF(I77/K77<Y77, "Efficient Spend", "Inefficient Spend") -> Inefficient Spend | AA77: =VLOOKUP(H77, Lookup_table!E:F,2,0) -> Medium
A78: MKT1076 | B78: 45304 | C78: C378 | D78: 50 | E78: Female | F78: Kenya | G78: Instagram | H78: Product Launch | I78: 1279.91 | J78: 22927 | K78: 4900 | L78: 375 | M78: 5 | N78: 21.372181 | O78: 7.6530612 | P78: =IF(ISBLANK(M78), $S$2, M78) -> 5 | V78: =IF(AND(L78>200,K78>3000),"Top Performer", IF(AND(L78>=100,K78>=1000),"Average Performer","Low Performer")) -> Top Performer | W78: {=_xlfn.IFS(N78>=20, "High",N78>=10, "Medium", N78<10, "Low")} -> #NAME? | X78: =IF(I78>1000, "High Budget",IF(I78>=500, "Medium Budget", "Low Budget")) -> High Budget | Y78: =VLOOKUP(G78, Lookup_table!B:C,2,0) -> 0.75 | Z78: =IF(I78/K78<Y78, "Efficient Spend", "Inefficient Spend") -> Efficient Spend | AA78: =VLOOKUP(H78, Lookup_table!E:F,2,0) -> High
A79: MKT1077 | B79: 45641 | C79: C383 | D79: 50 | E79: Other | F79: Kenya | G79: Instagram | H79: Product Launch | I79: 1108.86 | J79: 35586 | K79: 3331 | L79: 170 | M79: 2 | N79: 9.3604226 | O79: 5.1035725 | P79: =IF(ISBLANK(M79), $S$2, M79) -> 2 | V79: =IF(AND(L79>200,K79>3000),"Top Performer", IF(AND(L79>=100,K79>=1000),"Average Performer","Low Performer")) -> Average Performer | W79: {=_xlfn.IFS(N79>=20, "High",N79>=10, "Medium", N79<10, "Low")} -> #NAME? | X79: =IF(I79>1000, "High Budget",IF(I79>=500, "Medium Budget", "Low Budget")) -> High Budget | Y79: =VLOOKUP(G79, Lookup_table!B:C,2,0) -> 0.75 | Z79: =IF(I79/K79<Y79, "Efficient Spend", "Inefficient Spend") -> Efficient Spend | AA79: =VLOOKUP(H79, Lookup_table!E:F,2,0) -> High
A80: MKT1078 | B80: 45399 | C80: C377 | D80: 29 | E80: Other | F80: Ghana | G80: Email | H80: Brand Awareness | I80: 166.91 | J80: 22637 | K80: 410 | L80: 109 | N80: 1.8111941 | O80: 26.585366 | P80: =IF(ISBLANK(M80), $S$2, M80) -> 3 | V80: =IF(AND(L80>200,K80>3000),"Top Performer", IF(AND(L80>=100,K80>=1000),"Average Performer","Low Performer")) -> Low Performer | W80: {=_xlfn.IFS(N80>=20, "High",N80>=10, "Medium", N80<10, "Low")} -> #NAME? | X80: =IF(I80>1000, "High Budget",IF(I80>=500, "Medium Budget", "Low Budget")) -> Low Budget | Y80: =VLOOKUP(G80, Lookup_table!B:C,2,0) -> 0.2 | Z80: =IF(I80/K80<Y80, "Efficient Spend", "Inefficient Spend") -> Inefficient Spend | AA80: =VLOOKUP(H80, Lookup_table!E:F,2,0) -> Medium
A81: MKT1079 | B81: 45525 | C81: C349 | D81: 61 | E81: Other | F81: UK | G81: Facebook Ads | H81: Discount | I81: 154.5 | J81: 3795 | K81: 3554 | L81: 121 | N81: 93.649539 | O81: 3.4046145 | P81: =IF(ISBLANK(M81), $S$2, M81) -> 3 | V81: =IF(AND(L81>200,K81>3000),"Top Performer", IF(AND(L81>=100,K81>=1000),"Average Performer","Low Performer")) -> Average Performer | W81: {=_xlfn.IFS(N81>=20, "High",N81>=10, "Medium", N81<10, "Low")} -> #NAME? | X81: =IF(I81>1000, "High Budget",IF(I81>=500, "Medium Budget", "Low Budget")) -> Low Budget | Y81: =VLOOKUP(G81, Lookup_table!B:C,2,0) -> 0.5 | Z81: =IF(I81/K81<Y81, "Efficient Spend", "Inefficient Spend") -> Efficient Spend | AA81: =VLOOKUP(H81, Lookup_table!E:F,2,0) -> Medium
A82: MKT1080 | B82: 45624 | C82: C340 | D82: 41 | E82: Male | G82: Facebook Ads | H82: Product Launch | I82: 1350.27 | J82: 39417 | K82: 3112 | L82: 135 | N82: 7.8950707 | O82: 4.3380463 | P82: =IF(ISBLANK(M82), $S$2, M82) -> 3 | V82: =IF(AND(L82>200,K82>3000),"Top Performer", IF(AND(L82>=100,K82>=1000),"Average Performer","Low Performer")) -> Average Performer | W82: {=_xlfn.IFS(N82>=20, "High",N82>=10, "Medium", N82<10, "Low")} -> #NAME? | X82: =IF(I82>1000, "High Budget",IF(I82>=500, "Medium Budget", "Low Budget")) -> High Budget | Y82: =VLOOKUP(G82, Lookup_table!B:C,2,0) -> 0.5 | Z82: =IF(I82/K82<Y82, "Efficient Spend", "Inefficient Spend") -> Efficient Spend | AA82: =VLOOKUP(H82, Lookup_table!E:F,2,0) -> High
A83: MKT1081 | B83: 45615 | C83: C319 | D83: 50 | E83: Female | F83: Kenya | G83: Email | H83: Brand Awareness | I83: 1695.07 | J83: 20373 | K83: 3361 | L83: 137 | N83: 16.497325 | O83: 4.0761678 | P83: =IF(ISBLANK(M83), $S$2, M83) -> 3 | V83: =IF(AND(L83>200,K83>3000),"Top Performer", IF(AND(L83>=100,K83>=1000),"Average Performer","Low Performer")) -> Average Performer | W83: {=_xlfn.IFS(N83>=20, "High",N83>=10, "Medium", N83<10, "Low")} -> #NAME? | X83: =IF(I83>1000, "High Budget",IF(I83>=500, "Medium Budget", "Low Budget")) -> High Budget | Y83: =VLOOKUP(G83, Lookup_table!B:C,2,0) -> 0.2 | Z83: =IF(I83/K83<Y83, "Efficient Spend", "Inefficient Spend") -> Inefficient Spend | AA83: =VLOOKUP(H83, Lookup_table!E:F,2,0) -> Medium
A84: MKT1082 | B84: 45402 | C84: C313 | D84: 57 | E84: Female | F84: UK | G84: Google Ads | H84: Holiday Promo | I84: 998.2 | J84: 25603 | K84: 1337 | L84: 45 | N84: 5.2220443 | O84: 3.3657442 | P84: =IF(ISBLANK(M84), $S$2, M84) -> 3 | V84: =IF(AND(L84>200,K84>3000),"Top Performer", IF(AND(L84>=100,K84>=1000),"Average Performer","Low Performer")) -> Low Performer | W84: {=_xlfn.IFS(N84>=20, "High",N84>=10, "Medium", N84<10, "Low")} -> #NAME? | X84: =IF(I84>1000, "High Budget",IF(I84>=500, "Medium Budget", "Low Budget")) -> Medium Budget | Y84: =VLOOKUP(G84, Lookup_table!B:C,2,0) -> 1.2 | Z84: =IF(I84/K84<Y84, "Efficient Spend", "Inefficient Spend") -> Efficient Spend | AA84: =VLOOKUP(H84, Lookup_table!E:F,2,0) -> High
A85: MKT1083 | B85: 45434 | C85: C259 | D85: 24 | E85: Male | F85: Nigeria | G85: Google Ads | H85: Brand Awareness | I85: 512.3 | J85: 45407 | K85: 609 | L85: 196 | M85: 2 | N85: 1.3412029 | O85: 32.183908 | P85: =IF(ISBLANK(M85), $S$2, M85) -> 2 | V85: =IF(AND(L85>200,K85>3000),"Top Performer", IF(AND(L85>=100,K85>=1000),"Average Performer","Low Performer")) -> Low Performer | W85: {=_xlfn.IFS(N85>=20, "High",N85>=10, "Medium", N85<10, "Low")} -> #NAME? | X85: =IF(I85>1000, "High Budget",IF(I85>=500, "Medium Budget", "Low Budget")) -> Medium Budget | Y85: =VLOOKUP(G85, Lookup_table!B:C,2,0) -> 1.2 | Z85: =IF(I85/K85<Y85, "Efficient Spend", "Inefficient Spend") -> Efficient Spend | AA85: =VLOOKUP(H85, Lookup_table!E:F,2,0) -> Medium
A86: MKT1084 | B86: 45416 | C86: C262 | D86: 21 | E86: Other | F86: Nigeria | G86: Referral | H86: Holiday Promo | I86: 826.62 | J86: 32518 | K86: 3074 | L86: 169 | M86: 3 | N86: 9.4532259 | O86: 5.4977228 | P86: =IF(ISBLANK(M86), $S$2, M86) -> 3 | V86: =IF(AND(L86>200,K86>3000),"Top Performer", IF(AND(L86>=100,K86>=1000),"Average Performer","Low Performer")) -> Average Performer | W86: {=_xlfn.IFS(N86>=20, "High",N86>=10, "Medium", N86<10, "Low")} -> #NAME? | X86: =IF(I86>1000, "High Budget",IF(I86>=500, "Medium Budget", "Low Budget")) -> Medium Budget | Y86: =VLOOKUP(G86, Lookup_table!B:C,2,0) -> 0.3 | Z86: =IF(I86/K86<Y86, "Efficient Spend", "Inefficient Spend") -> Efficient Spend | AA86: =VLOOKUP(H86, Lookup_table!E:F,2,0) -> High
A87: MKT1085 | B87: 45568 | C87: C228 | D87: 56 | E87: Other | F87: Ghana | G87: Instagram | H87: Discount | I87: 162.76 | J87: 26231 | K87: 2329 | L87: 82 | M87: 3 | N87: 8.8788075 | O87: 3.5208244 | P87: =IF(ISBLANK(M87), $S$2, M87) -> 3 | V87: =IF(AND(L87>200,K87>3000),"Top Performer", IF(AND(L87>=100,K87>=1000),"Average Performer","Low Performer")) -> Low Performer | W87: {=_xlfn.IFS(N87>=20, "High",N87>=10, "Medium", N87<10, "Low")} -> #NAME? | X87: =IF(I87>1000, "High Budget",IF(I87>=500, "Medium Budget", "Low Budget")) -> Low Budget | Y87: =VLOOKUP(G87, Lookup_table!B:C,2,0) -> 0.75 | Z87: =IF(I87/K87<Y87, "Efficient Spend", "Inefficient Spend") -> Efficient Spend | AA87: =VLOOKUP(H87, Lookup_table!E:F,2,0) -> Medium
A88: MKT1086 | B88: 45601 | C88: C383 | D88: 48 | E88: Female | F88: South Africa | G88: Instagram | H88: Brand Awareness | I88: 1452.05 | J88: 32061 | K88: 1216 | L88: 93 | M88: 5 | N88: 3.79277 | O88: 7.6480263 | P88: =IF(ISBLANK(M88), $S$2, M88) -> 5 | V88: =IF(AND(L88>200,K88>3000),"Top Performer", IF(AND(L88>=100,K88>=1000),"Average Performer","Low Performer")) -> Low Performer | W88: {=_xlfn.IFS(N88>=20, "High",N88>=10, "Medium", N88<10, "Low")} -> #NAME? | X88: =IF(I88>1000, "High Budget",IF(I88>=500, "Medium Budget", "Low Budget")) -> High Budget | Y88: =VLOOKUP(G88, Lookup_table!B:C,2,0) -> 0.75 | Z88: =IF(I88/K88<Y88, "Efficient Spend", "Inefficient Spend") -> Inefficient Spend | AA88: =VLOOKUP(H88, Lookup_table!E:F,2,0) -> Medium
A89: MKT1087 | B89: 45607 | C89: C215 | D89: 41 | E89: Other | G89: Google Ads | H89: Holiday Promo | I89: 488.2 | J89: 32198 | K89: 2749 | L89: 105 | N89: 8.5377974 | O89: 3.8195708 | P89: =IF(ISBLANK(M89), $S$2, M89) -> 3 | V89: =IF(AND(L89>200,K89>3000),"Top Performer", IF(AND(L89>=100,K89>=1000),"Average Performer","Low Performer")) -> Average Performer | W89: {=_xlfn.IFS(N89>=20, "High",N89>=10, "Medium", N89<10, "Low")} -> #NAME? | X89: =IF(I89>1000, "High Budget",IF(I89>=500, "Medium Budget", "Low Budget")) -> Low Budget | Y89: =VLOOKUP(G89, Lookup_table!B:C,2,0) -> 1.2 | Z89: =IF(I89/K89<Y89, "Efficient Spend", "Inefficient Spend") -> Efficient Spend | AA89: =VLOOKUP(H89, Lookup_table!E:F,2,0) -> High
A90: MKT1088 | B90: 45327 | C90: C205 | D90: 45 | E90: Other | F90: UK | G90: Instagram | H90: Discount | I90: 976.33 | J90: 34635 | K90: 472 | L90: 74 | M90: 4 | N90: 1.3627833 | O90: 15.677966 | P90: =IF(ISBLANK(M90), $S$2, M90) -> 4 | V90: =IF(AND(L90>200,K90>3000),"Top Performer", IF(AND(L90>=100,K90>=1000),"Average Performer","Low Performer")) -> Low Performer | W90: {=_xlfn.IFS(N90>=20, "High",N90>=10, "Medium", N90<10, "Low")} -> #NAME? | X90: =IF(I90>1000, "High Budget",IF(I90>=500, "Medium Budget", "Low Budget")) -> Medium Budget | Y90: =VLOOKUP(G90, Lookup_table!B:C,2,0) -> 0.75 | Z90: =IF(I90/K90<Y90, "Efficient Spend", "Inefficient Spend") -> Inefficient Spend | AA90: =VLOOKUP(H90, Lookup_table!E:F,2,0) -> Medium
A91: MKT1089 | B91: 45596 | C91: C391 | D91: 58 | E91: Female | F91: Ghana | G91: Referral | H91: Product Launch | I91: 615.13 | J91: 23387 | K91: 744 | L91: 275 | M91: 5 | N91: 3.1812545 | O91: 36.962366 | P91: =IF(ISBLANK(M91), $S$2, M91) -> 5 | V91: =IF(AND(L91>200,K91>3000),"Top Performer", IF(AND(L91>=100,K91>=1000),"Average Performer","Low Performer")) -> Low Performer | W91: {=_xlfn.IFS(N91>=20, "High",N91>=10, "Medium", N91<10, "Low")} -> #NAME? | X91: =IF(I91>1000, "High Budget",IF(I91>=500, "Medium Budget", "Low Budget")) -> Medium Budget | Y91: =VLOOKUP(G91, Lookup_table!B:C,2,0) -> 0.3 | Z91: =IF(I91/K91<Y91, "Efficient Spend", "Inefficient Spend") -> Inefficient Spend | AA91: =VLOOKUP(H91, Lookup_table!E:F,2,0) -> High
A92: MKT1090 | B92: 45552 | C92: C267 | D92: 48 | E92: Other | F92: Ghana | G92: Email | H92: Product Launch | I92: 770.28 | J92: 44596 | K92: 1852 | L92: 172 | M92: 5 | N92: 4.1528388 | O92: 9.287257 | P92: =IF(ISBLANK(M92), $S$2, M92) -> 5 | V92: =IF(AND(L92>200,K92>3000),"Top Performer", IF(AND(L92>=100,K92>=1000),"Average Performer","Low Performer")) -> Average Performer | W92: {=_xlfn.IFS(N92>=20, "High",N92>=10, "Medium", N92<10, "Low")} -> #NAME? | X92: =IF(I92>1000, "High Budget",IF(I92>=500, "Medium Budget", "Low Budget")) -> Medium Budget | Y92: =VLOOKUP(G92, Lookup_table!B:C,2,0) -> 0.2 | Z92: =IF(I92/K92<Y92, "Efficient Spend", "Inefficient Spend") -> Inefficient Spend | AA92: =VLOOKUP(H92, Lookup_table!E:F,2,0) -> High
A93: MKT1091 | B93: 45591 | C93: C319 | D93: 44 | E93: Other | F93: Nigeria | G93: Referral | H93: Product Launch | I93: 1041.72 | J93: 44592 | K93: 3671 | L93: 166 | M93: 4 | N93: 8.2324184 | O93: 4.5219286 | P93: =IF(ISBLANK(M93), $S$2, M93) -> 4 | V93: =IF(AND(L93>200,K93>3000),"Top Performer", IF(AND(L93>=100,K93>=1000),"Average Performer","Low Performer")) -> Average Performer | W93: {=_xlfn.IFS(N93>=20, "High",N93>=10, "Medium", N93<10, "Low")} -> #NAME? | X93: =IF(I93>1000, "High Budget",IF(I93>=500, "Medium Budget", "Low Budget")) -> High Budget | Y93: =VLOOKUP(G93, Lookup_table!B:C,2,0) -> 0.3 | Z93: =IF(I93/K93<Y93, "Efficient Spend", "Inefficient Spend") -> Efficient Spend | AA93: =VLOOKUP(H93, Lookup_table!E:F,2,0) -> High
A94: MKT1092 | B94: 45542 | C94: C342 | D94: 64 | E94: Female | F94: UK | G94: Instagram | H94: Brand Awareness | I94: 421.11 | J94: 31096 | K94: 4306 | L94: 203 | M94: 5 | N94: 13.84744 | O94: 4.7143521 | P94: =IF(ISBLANK(M94), $S$2, M94) -> 5 | V94: =IF(AND(L94>200,K94>3000),"Top Performer", IF(AND(L94>=100,K94>=1000),"Average Performer","Low Performer")) -> Top Performer | W94: {=_xlfn.IFS(N94>=20, "High",N94>=10, "Medium", N94<10, "Low")} -> #NAME? | X94: =IF(I94>1000, "High Budget",IF(I94>=500, "Medium Budget", "Low Budget")) -> Low Budget | Y94: =VLOOKUP(G94, Lookup_table!B:C,2,0) -> 0.75 | Z94: =IF(I94/K94<Y94, "Efficient Spend", "Inefficient Spend") -> Efficient Spend | AA94: =VLOOKUP(H94, Lookup_table!E:F,2,0) -> Medium
A95: MKT1093 | B95: 45346 | C95: C206 | D95: 59 | E95: Female | F95: UK | G95: Facebook Ads | H95: Holiday Promo | I95: 1468.02 | J95: 24815 | K95: 3456 | L95: 76 | M95: 2 | N95: 13.92706 | O95: 2.1990741 | P95: =IF(ISBLANK(M95), $S$2, M95) -> 2 | V95: =IF(AND(L95>200,K95>3000),"Top Performer", IF(AND(L95>=100,K95>=1000),"Average Performer","Low Performer")) -> Low Performer | W95: {=_xlfn.IFS(N95>=20, "High",N95>=10, "Medium", N95<10, "Low")} -> #NAME? | X95: =IF(I95>1000, "High Budget",IF(I95>=500, "Medium Budget", "Low Budget")) -> High Budget | Y95: =VLOOKUP(G95, Lookup_table!B:C,2,0) -> 0.5 | Z95: =IF(I95/K95<Y95, "Efficient Spend", "Inefficient Spend") -> Efficient Spend | AA95: =VLOOKUP(H95, Lookup_table!E:F,2,0) -> High
A96: MKT1094 | B96: 45335 | C96: C242 | D96: 44 | E96: Other | F96: USA | G96: Facebook Ads | H96: Holiday Promo | I96: 259.36 | J96: 40912 | K96: 3299 | L96: 371 | M96: 3 | N96: 8.0636488 | O96: 11.245832 | P96: =IF(ISBLANK(M96), $S$2, M96) -> 3 | V96: =IF(AND(L96>200,K96>3000),"Top Performer", IF(AND(L96>=100,K96>=1000),"Average Performer","Low Performer")) -> Top Performer | W96: {=_xlfn.IFS(N96>=20, "High",N96>=10, "Medium", N96<10, "Low")} -> #NAME? | X96: =IF(I96>1000, "High Budget",IF(I96>=500, "Medium Budget", "Low Budget")) -> Low Budget | Y96: =VLOOKUP(G96, Lookup_table!B:C,2,0) -> 0.5 | Z96: =IF(I96/K96<Y96, "Efficient Spend", "Inefficient Spend") -> Efficient Spend | AA96: =VLOOKUP(H96, Lookup_table!E:F,2,0) -> High
A97: MKT1095 | B97: 45507 | C97: C278 | D97: 45 | E97: Other | F97: USA | G97: Instagram | H97: Holiday Promo | I97: 1526.56 | J97: 41500 | K97: 2791 | L97: 315 | M97: 5 | N97: 6.7253012 | O97: 11.286277 | P97: =IF(ISBLANK(M97), $S$2, M97) -> 5 | V97: =IF(AND(L97>200,K97>3000),"Top Performer", IF(AND(L97>=100,K97>=1000),"Average Performer","Low Performer")) -> Average Performer | W97: {=_xlfn.IFS(N97>=20, "High",N97>=10, "Medium", N97<10, "Low")} -> #NAME? | X97: =IF(I97>1000, "High Budget",IF(I97>=500, "Medium Budget", "Low Budget")) -> High Budget | Y97: =VLOOKUP(G97, Lookup_table!B:C,2,0) -> 0.75 | Z97: =IF(I97/K97<Y97, "Efficient Spend", "Inefficient Spend") -> Efficient Spend | AA97: =VLOOKUP(H97, Lookup_table!E:F,2,0) -> High
A98: MKT1096 | B98: 45331 | C98: C364 | D98: 43 | E98: Other | F98: USA | G98: Facebook Ads | H98: Holiday Promo | I98: 140.01 | J98: 42074 | K98: 2387 | L98: 299 | M98: 3 | N98: 5.6733375 | O98: 12.526183 | P98: =IF(ISBLANK(M98), $S$2, M98) -> 3 | V98: =IF(AND(L98>200,K98>3000),"Top Performer", IF(AND(L98>=100,K98>=1000),"Average Performer","Low Performer")) -> Average Performer | W98: {=_xlfn.IFS(N98>=20, "High",N98>=10, "Medium", N98<10, "Low")} -> #NAME? | X98: =IF(I98>1000, "High Budget",IF(I98>=500, "Medium Budget", "Low Budget")) -> Low Budget | Y98: =VLOOKUP(G98, Lookup_table!B:C,2,0) -> 0.5 | Z98: =IF(I98/K98<Y98, "Efficient Spend", "Inefficient Spend") -> Efficient Spend | AA98: =VLOOKUP(H98, Lookup_table!E:F,2,0) -> High
A99: MKT1097 | B99: 45423 | C99: C339 | D99: 20 | E99: Other | F99: Nigeria | G99: Google Ads | H99: Product Launch | I99: 993.51 | J99: 19930 | K99: 1681 | L99: 299 | N99: 8.4345208 | O99: 17.787032 | P99: =IF(ISBLANK(M99), $S$2, M99) -> 3 | V99: =IF(AND(L99>200,K99>3000),"Top Performer", IF(AND(L99>=100,K99>=1000),"Average Performer","Low Performer")) -> Average Performer | W99: {=_xlfn.IFS(N99>=20, "High",N99>=10, "Medium", N99<10, "Low")} -> #NAME? | X99: =IF(I99>1000, "High Budget",IF(I99>=500, "Medium Budget", "Low Budget")) -> Medium Budget | Y99: =VLOOKUP(G99, Lookup_table!B:C,2,0) -> 1.2 | Z99: =IF(I99/K99<Y99, "Efficient Spend", "Inefficient Spend") -> Efficient Spend | AA99: =VLOOKUP(H99, Lookup_table!E:F,2,0) -> High
A100: MKT1098 | B100: 45627 | C100: C362 | D100: 39 | E100: Other | F100: Kenya | G100: Email | H100: Holiday Promo | I100: 1203.5 | J100: 39872 | K100: 1246 | L100: 157 | M100: 2 | N100: 3.125 | O100: 12.600321 | P100: =IF(ISBLANK(M100), $S$2, M100) -> 2 | V100: =IF(AND(L100>200,K100>3000),"Top Performer", IF(AND(L100>=100,K100>=1000),"Average Performer","Low Performer")) -> Average Performer | W100: {=_xlfn.IFS(N100>=20, "High",N100>=10, "Medium", N100<10, "Low")} -> #NAME? | X100: =IF(I100>1000, "High Budget",IF(I100>=500, "Medium Budget", "Low Budget")) -> High Budget | Y100: =VLOOKUP(G100, Lookup_table!B:C,2,0) -> 0.2 | Z100: =IF(I100/K100<Y100, "Efficient Spend", "Inefficient Spend") -> Inefficient Spend | AA100: =VLOOKUP(H100, Lookup_table!E:F,2,0) -> High
...

Sheet Pivot_report
A1: Row Labels | B1: Sum of Conversions | C1: Sum of Ad_Spend | E1: Row Labels | F1: Sum of Clicks | G1: Sum of Conversions
A2: Email | B2: 15640 | C2: 86773.24 | E2: Brand Awareness | F2: 314417 | G2: 26396
A3: Facebook Ads | B3: 18835 | C3: 109367.46 | E3: Discount | F3: 275232 | G3: 19327
A4: Google Ads | B4: 20533 | C4: 102540.65 | E4: Holiday Promo | F4: 322161 | G4: 26520
A5: Instagram | B5: 22625 | C5: 114210.1 | E5: Product Launch | F5: 353412 | G5: 25708
A6: Referral | B6: 20318 | C6: 106296.51 | E6: Grand Total | F6: 1265222 | G6: 97951
A7: Grand Total | B7: 97951 | C7: 519187.96
A10: Row Labels | B10: Sum of Ad_Spend | C10: Sum of Conversions
A11: Ghana | B11: 83040.99 | C11: 16045
A12: Kenya | B12: 92861.85 | C12: 17712
A13: Nigeria | B13: 81022 | C13: 14207
A14: South Africa | B14: 80095.8 | C14: 15170
A15: UK | B15: 64414.43 | C15: 13225
A16: USA | B16: 92455.37 | C16: 18201
A17: Grand Total | B17: 493890.44 | C17: 94560

Sheet Statistical_analysis
A1: Metric | B1: Ad_Spend | C1: Clicks | D1: Conversion | E1: CTR_% | G1: Correlation_Analysis | H1: Correlation
A2: Mean | B2: =AVERAGE(Cleaned_data!I2:I501) -> 1038.3759 | C2: =AVERAGE(Cleaned_data!K2:K501) -> 2530.444 | D2: =AVERAGE(Cleaned_data!L2:L501) -> 195.902 | E2: =AVERAGE(Cleaned_data!N2:N501) -> 26.339033 | G2: Ad_Spend vs Conversion | H2: =CORREL(Cleaned_data!I2:I501, Cleaned_data!L2:L501) -> 0.038896924
A3: Median | B3: =MEDIAN(Cleaned_data!I2:I501) -> 1075.95 | C3: =MEDIAN(Cleaned_data!K2:K501) -> 2602 | D3: =MEDIAN(Cleaned_data!L2:L501) -> 193 | E3: =MEDIAN(Cleaned_data!N2:N501) -> 9.7058796 | G3: Clicks vs Conversion | H3: =CORREL(Cleaned_data!K2:K501, Cleaned_data!L2:L501) -> -0.021374633
A4: Mode | B4: =IFERROR(MODE(Cleaned_data!I2:I501), "No Mode") -> No Mode | C4: =IFERROR(MODE(Cleaned_data!K2:K501), "No Mode") -> 3461 | D4: =IFERROR(MODE(Cleaned_data!L2:L501),"No Mode") -> 373 | E4: =IFERROR(MODE(Cleaned_data!N2:N501),"No Mode") -> No Mode | G4: CTR vs Conversion | H4: =CORREL(Cleaned_data!N2:N501, Cleaned_data!L2:L501) -> 0.012657224
A5: Std_Deviation | B5: =STDEV(Cleaned_data!I:I) -> 569.10316 | C5: =STDEV(Cleaned_data!K:K) -> 1457.1375 | D5: =STDEV(Cleaned_data!L:L) -> 120.00174 | E5: =STDEV(Cleaned_data!N:N) -> 63.670458
A6: Variance | B6: =VAR(Cleaned_data!I:I) -> 323878.41 | C6: =VAR(Cleaned_data!K:K) -> 2123249.6 | D6: =VAR(Cleaned_data!L:L) -> 14400.417 | E6: =VAR(Cleaned_data!N:N) -> 4053.9272
A7: Min | B7: =MIN(Cleaned_data!I2:I501) -> 50.16 | C7: =MIN(Cleaned_data!K2:K501) -> 12 | D7: =MIN(Cleaned_data!L2:L501) -> 2 | E7: =MIN(Cleaned_data!N2:N501) -> 0.032187978
A8: Max | B8: =MAX(Cleaned_data!I2:I501) -> 1998.65 | C8: =MAX(Cleaned_data!K2:K501) -> 4997 | D8: =MAX(Cleaned_data!L2:L501) -> 399 | E8: =MAX(Cleaned_data!N2:N501) -> 781.1284

Sheet PowerBI_Data
A1: Campaign_ID | B1: Date | C1: Customer_ID | D1: Age | E1: Gender | F1: Country | G1: Marketing_Channel | H1: Campaign_Type | I1: Ad_Spend | J1: Impressions | K1: Clicks | L1: Conversions | M1: Customer_Satisfaction | N1: CTR_% | O1: Conversion_Rate_% | P1: Cust_satifaction_full
A2: MKT1000 | B2: 45467 | C2: C378 | D2: 27 | E2: Male | F2: USA | G2: Facebook Ads | H2: Product Launch | I2: 1779.52 | J2: 35715 | K2: 3140 | L2: 274 | M2: 2 | N2: 8.7918242 | O2: 8.7261146 | P2: 2
A3: MKT1001 | B3: 45488 | C3: C345 | D3: 24 | E3: Female | F3: Nigeria | G3: Google Ads | H3: Brand Awareness | I3: 464.78 | J3: 13758 | K3: 3324 | L3: 5 | M3: 3 | N3: 24.160488 | O3: 0.15042118 | P3: 3
A4: MKT1002 | B4: 45317 | C4: C239 | D4: 35 | E4: Other | F4: USA | G4: Facebook Ads | H4: Holiday Promo | I4: 561.14 | J4: 48381 | K4: 321 | L4: 163 | N4: 0.6634836 | O4: 50.778816 | P4: 3
A5: MKT1003 | B5: 45359 | C5: C266 | D5: 20 | E5: Male | F5: Nigeria | G5: Facebook Ads | H5: Brand Awareness | I5: 297.57 | J5: 15697 | K5: 3375 | L5: 280 | M5: 5 | N5: 21.500924 | O5: 8.2962963 | P5: 5
A6: MKT1004 | B6: 45503 | C6: C282 | D6: 32 | E6: Female | F6: UK | G6: Referral | H6: Holiday Promo | I6: 1074.86 | J6: 2245 | K6: 4858 | L6: 373 | M6: 2 | N6: 216.39198 | O6: 7.6780568 | P6: 2
A7: MKT1005 | B7: 45395 | C7: C227 | D7: 64 | E7: Other | F7: Ghana | G7: Instagram | H7: Brand Awareness | I7: 665.19 | J7: 10209 | K7: 2859 | L7: 149 | M7: 5 | N7: 28.004702 | O7: 5.2116125 | P7: 5
A8: MKT1006 | B8: 45640 | C8: C279 | D8: 20 | E8: Other | F8: UK | G8: Instagram | H8: Holiday Promo | I8: 514.58 | J8: 11892 | K8: 367 | L8: 293 | M8: 4 | N8: 3.0861083 | O8: 79.836512 | P8: 4
A9: MKT1007 | B9: 45477 | C9: C279 | D9: 49 | E9: Other | F9: South Africa | G9: Referral | H9: Holiday Promo | I9: 187.7 | J9: 34575 | K9: 4519 | L9: 6 | M9: 3 | N9: 13.070137 | O9: 0.13277274 | P9: 3
A10: MKT1008 | B10: 45315 | C10: C338 | D10: 26 | E10: Female | F10: South Africa | G10: Facebook Ads | H10: Product Launch | I10: 1985.97 | J10: 26045 | K10: 2084 | L10: 240 | M10: 4 | N10: 8.0015358 | O10: 11.516315 | P10: 4
A11: MKT1009 | B11: 45364 | C11: C346 | D11: 31 | E11: Other | F11: Nigeria | G11: Instagram | H11: Brand Awareness | I11: 1642.32 | J11: 8802 | K11: 735 | L11: 220 | M11: 5 | N11: 8.3503749 | O11: 29.931973 | P11: 5
A12: MKT1010 | B12: 45637 | C12: C252 | D12: 46 | E12: Male | F12: Kenya | G12: Referral | H12: Product Launch | I12: 686.5 | J12: 8134 | K12: 1108 | L12: 140 | M12: 1 | N12: 13.621834 | O12: 12.635379 | P12: 1
A13: MKT1011 | B13: 45334 | C13: C334 | D13: 59 | E13: Other | F13: South Africa | G13: Google Ads | H13: Product Launch | I13: 847.08 | J13: 24160 | K13: 4205 | L13: 211 | M13: 5 | N13: 17.404801 | O13: 5.0178359 | P13: 5
A14: MKT1012 | B14: 45510 | C14: C345 | D14: 44 | E14: Other | F14: Nigeria | G14: Email | H14: Discount | I14: 1143.36 | J14: 8173 | K14: 825 | L14: 16 | N14: 10.094213 | O14: 1.9393939 | P14: 3
A15: MKT1013 | B15: 45459 | C15: C267 | D15: 57 | E15: Male | F15: South Africa | G15: Facebook Ads | H15: Discount | I15: 151.38 | J15: 11942 | K15: 4640 | L15: 59 | M15: 3 | N15: 38.854463 | O15: 1.2715517 | P15: 3
A16: MKT1014 | B16: 45360 | C16: C290 | D16: 36 | E16: Female | F16: USA | G16: Facebook Ads | H16: Discount | I16: 782.56 | J16: 9132 | K16: 1618 | L16: 74 | M16: 1 | N16: 17.717915 | O16: 4.5735476 | P16: 1
A17: MKT1015 | B17: 45292 | C17: C300 | D17: 38 | E17: Male | F17: Ghana | G17: Instagram | H17: Holiday Promo | I17: 1170.73 | J17: 45111 | K17: 602 | L17: 207 | M17: 1 | N17: 1.334486 | O17: 34.385382 | P17: 1
A18: MKT1016 | B18: 45367 | C18: C300 | D18: 41 | E18: Male | F18: Kenya | G18: Referral | H18: Holiday Promo | I18: 1924.46 | J18: 5516 | K18: 4976 | L18: 221 | M18: 5 | N18: 90.210297 | O18: 4.4413183 | P18: 5
A19: MKT1017 | B19: 45603 | C19: C210 | D19: 46 | E19: Male | F19: South Africa | G19: Email | H19: Product Launch | I19: 1929.87 | J19: 9198 | K19: 497 | L19: 300 | M19: 5 | N19: 5.4033486 | O19: 60.362173 | P19: 5
A20: MKT1018 | B20: 45542 | C20: C211 | D20: 46 | E20: Female | F20: Kenya | G20: Email | H20: Brand Awareness | I20: 1527.84 | J20: 13127 | K20: 4960 | L20: 351 | M20: 5 | N20: 37.784719 | O20: 7.0766129 | P20: 5
A21: MKT1019 | B21: 45298 | C21: C341 | D21: 33 | E21: Female | F21: South Africa | G21: Email | H21: Brand Awareness | I21: 149.18 | J21: 33722 | K21: 3046 | L21: 323 | M21: 4 | N21: 9.032679 | O21: 10.604071 | P21: 4
A22: MKT1020 | B22: 45567 | C22: C359 | D22: 63 | E22: Other | F22: Kenya | G22: Instagram | H22: Holiday Promo | I22: 1226.99 | J22: 5271 | K22: 717 | L22: 289 | M22: 4 | N22: 13.602732 | O22: 40.306834 | P22: 4
A23: MKT1021 | B23: 45336 | C23: C298 | D23: 51 | E23: Female | F23: Ghana | G23: Google Ads | H23: Brand Awareness | I23: 948.77 | J23: 11269 | K23: 1703 | L23: 321 | M23: 2 | N23: 15.112255 | O23: 18.84909 | P23: 2
A24: MKT1022 | B24: 45483 | C24: C367 | D24: 18 | E24: Female | F24: UK | G24: Email | H24: Discount | I24: 1314.42 | J24: 46761 | K24: 3166 | L24: 267 | M24: 4 | N24: 6.7705994 | O24: 8.4333544 | P24: 4
A25: MKT1023 | B25: 45617 | C25: C363 | D25: 19 | E25: Male | F25: South Africa | G25: Google Ads | H25: Discount | I25: 820.68 | J25: 31180 | K25: 3849 | L25: 261 | M25: 3 | N25: 12.344452 | O25: 6.7809821 | P25: 3
A26: MKT1024 | B26: 45604 | C26: C224 | D26: 42 | E26: Other | F26: UK | G26: Referral | H26: Discount | I26: 1019.29 | J26: 11855 | K26: 482 | L26: 113 | N26: 4.065795 | O26: 23.443983 | P26: 3
A27: MKT1025 | B27: 45444 | C27: C338 | D27: 57 | E27: Female | F27: Ghana | G27: Instagram | H27: Holiday Promo | I27: 921.21 | J27: 33409 | K27: 3245 | L27: 6 | N27: 9.7129516 | O27: 0.18489985 | P27: 3
A28: MKT1026 | B28: 45475 | C28: C280 | D28: 54 | E28: Male | F28: Kenya | G28: Instagram | H28: Holiday Promo | I28: 312.38 | J28: 5193 | K28: 2334 | L28: 253 | M28: 2 | N28: 44.945118 | O28: 10.83976 | P28: 2
A29: MKT1027 | B29: 45404 | C29: C246 | E29: Female | F29: Unknown | G29: Google Ads | H29: Discount | I29: 1461.16 | J29: 29339 | K29: 2849 | L29: 67 | N29: 9.7106241 | O29: 2.3517024 | P29: 3
A30: MKT1028 | B30: 45543 | C30: C350 | D30: 40 | E30: Female | F30: USA | G30: Google Ads | H30: Discount | I30: 64.23 | J30: 14536 | K30: 2927 | L30: 375 | N30: 20.136214 | O30: 12.811753 | P30: 3
A31: MKT1029 | B31: 45481 | C31: C363 | D31: 61 | E31: Male | F31: USA | G31: Instagram | H31: Holiday Promo | I31: 987.76 | J31: 1245 | K31: 4323 | L31: 119 | M31: 5 | N31: 347.22892 | O31: 2.752718 | P31: 5
A32: MKT1030 | B32: 45582 | C32: C313 | D32: 19 | E32: Male | F32: Kenya | G32: Referral | H32: Product Launch | I32: 1670.14 | J32: 47856 | K32: 3265 | L32: 392 | M32: 3 | N32: 6.822551 | O32: 12.006126 | P32: 3
A33: MKT1031 | B33: 45604 | C33: C207 | D33: 38 | E33: Male | F33: South Africa | G33: Facebook Ads | H33: Product Launch | I33: 1582.87 | J33: 18161 | K33: 3759 | L33: 384 | M33: 2 | N33: 20.698199 | O33: 10.215483 | P33: 2
A34: MKT1032 | B34: 45493 | C34: C246 | D34: 26 | E34: Other | F34: USA | G34: Facebook Ads | H34: Holiday Promo | I34: 688.82 | J34: 44318 | K34: 2759 | L34: 389 | M34: 3 | N34: 6.2254614 | O34: 14.099311 | P34: 3
A35: MKT1033 | B35: 45330 | C35: C255 | D35: 41 | E35: Other | F35: Ghana | G35: Email | H35: Holiday Promo | I35: 1079.14 | J35: 48566 | K35: 610 | L35: 85 | N35: 1.2560227 | O35: 13.934426 | P35: 3
A36: MKT1034 | B36: 45552 | C36: C283 | D36: 64 | E36: Other | F36: South Africa | G36: Google Ads | H36: Brand Awareness | I36: 1823.94 | J36: 22377 | K36: 803 | L36: 72 | M36: 3 | N36: 3.5885061 | O36: 8.9663761 | P36: 3
A37: MKT1035 | B37: 45429 | C37: C334 | D37: 45 | E37: Male | F37: Ghana | G37: Email | H37: Brand Awareness | I37: 654.81 | J37: 38824 | K37: 1908 | L37: 68 | M37: 5 | N37: 4.9144859 | O37: 3.5639413 | P37: 5
A38: MKT1036 | B38: 45635 | C38: C288 | D38: 53 | E38: Other | F38: Nigeria | G38: Email | H38: Discount | I38: 1182.54 | J38: 26747 | K38: 100 | L38: 348 | M38: 4 | N38: 0.37387371 | O38: 348 | P38: 4
A39: MKT1037 | B39: 45487 | C39: C243 | E39: Other | F39: Unknown | G39: Facebook Ads | H39: Brand Awareness | I39: 1871.43 | J39: 43985 | K39: 2058 | L39: 237 | N39: 4.6788678 | O39: 11.516035 | P39: 3
A40: MKT1038 | B40: 45364 | C40: C263 | D40: 40 | E40: Female | F40: USA | G40: Google Ads | H40: Brand Awareness | I40: 1909.57 | J40: 38605 | K40: 1277 | L40: 345 | N40: 3.3078617 | O40: 27.016445 | P40: 3
A41: MKT1039 | B41: 45631 | C41: C339 | D41: 43 | E41: Female | F41: USA | G41: Referral | H41: Holiday Promo | I41: 1376.17 | J41: 15902 | K41: 526 | L41: 289 | M41: 5 | N41: 3.30776 | O41: 54.942966 | P41: 5
A42: MKT1040 | B42: 45549 | C42: C370 | D42: 43 | E42: Male | F42: South Africa | G42: Google Ads | H42: Brand Awareness | I42: 1962.25 | J42: 37012 | K42: 4018 | L42: 70 | M42: 1 | N42: 10.855939 | O42: 1.7421603 | P42: 1
A43: MKT1041 | B43: 45484 | C43: C293 | D43: 64 | E43: Other | F43: Kenya | G43: Facebook Ads | H43: Discount | I43: 1563.06 | J43: 41009 | K43: 2687 | L43: 126 | N43: 6.5522202 | O43: 4.6892445 | P43: 3
A44: MKT1042 | B44: 45641 | C44: C366 | D44: 48 | E44: Male | F44: USA | G44: Facebook Ads | H44: Holiday Promo | I44: 1949.17 | J44: 7283 | K44: 4633 | L44: 399 | M44: 3 | N44: 63.613895 | O44: 8.6121304 | P44: 3
A45: MKT1043 | B45: 45384 | C45: C234 | D45: 60 | E45: Other | F45: Nigeria | G45: Instagram | H45: Discount | I45: 1359.28 | J45: 3809 | K45: 831 | L45: 263 | M45: 4 | N45: 21.81675 | O45: 31.648616 | P45: 4
A46: MKT1044 | B46: 45544 | C46: C304 | D46: 30 | E46: Male | F46: Ghana | G46: Email | H46: Product Launch | I46: 1323.7 | J46: 42287 | K46: 2796 | L46: 285 | M46: 5 | N46: 6.6119611 | O46: 10.193133 | P46: 5
A47: MKT1045 | B47: 45363 | C47: C209 | D47: 64 | E47: Other | F47: Kenya | G47: Email | H47: Holiday Promo | I47: 162.71 | J47: 28327 | K47: 3653 | L47: 341 | M47: 5 | N47: 12.895824 | O47: 9.3347933 | P47: 5
A48: MKT1046 | B48: 45571 | C48: C224 | D48: 63 | E48: Other | F48: USA | G48: Referral | H48: Discount | I48: 1004.84 | J48: 38048 | K48: 1079 | L48: 77 | M48: 4 | N48: 2.8358915 | O48: 7.1362373 | P48: 4
A49: MKT1047 | B49: 45302 | C49: C377 | D49: 41 | E49: Other | F49: Nigeria | G49: Instagram | H49: Product Launch | I49: 694.66 | J49: 30529 | K49: 26 | L49: 96 | M49: 2 | N49: 0.085164925 | O49: 369.23077 | P49: 2
A50: MKT1048 | B50: 45525 | C50: C382 | D50: 56 | E50: Male | F50: South Africa | G50: Google Ads | H50: Product Launch | I50: 138.05 | J50: 17610 | K50: 4239 | L50: 114 | M50: 2 | N50: 24.07155 | O50: 2.6893135 | P50: 2
A51: MKT1049 | B51: 45583 | C51: C241 | D51: 42 | E51: Male | F51: USA | G51: Google Ads | H51: Brand Awareness | I51: 1288.67 | J51: 33696 | K51: 3552 | L51: 279 | M51: 1 | N51: 10.541311 | O51: 7.8547297 | P51: 1
A52: MKT1050 | B52: 45609 | C52: C217 | D52: 40 | E52: Other | F52: UK | G52: Instagram | H52: Product Launch | I52: 1943.85 | J52: 46596 | K52: 3817 | L52: 121 | M52: 1 | N52: 8.1916903 | O52: 3.1700288 | P52: 1
A53: MKT1051 | B53: 45443 | C53: C368 | D53: 45 | E53: Male | F53: South Africa | G53: Google Ads | H53: Brand Awareness | I53: 1164.96 | J53: 28535 | K53: 2338 | L53: 326 | M53: 2 | N53: 8.1934466 | O53: 13.943541 | P53: 2
A54: MKT1052 | B54: 45384 | C54: C356 | D54: 20 | E54: Other | F54: Kenya | G54: Instagram | H54: Holiday Promo | I54: 741.59 | J54: 2451 | K54: 3558 | L54: 296 | M54: 3 | N54: 145.16524 | O54: 8.3192805 | P54: 3
A55: MKT1053 | B55: 45539 | C55: C340 | D55: 36 | E55: Other | F55: Ghana | G55: Google Ads | H55: Holiday Promo | I55: 1892.73 | J55: 21272 | K55: 1201 | L55: 365 | M55: 4 | N55: 5.6459195 | O55: 30.391341 | P55: 4
A56: MKT1054 | B56: 45516 | C56: C299 | D56: 61 | E56: Male | F56: Kenya | G56: Instagram | H56: Holiday Promo | I56: 1379.45 | J56: 724 | K56: 229 | L56: 157 | N56: 31.629834 | O56: 68.558952 | P56: 3
A57: MKT1055 | B57: 45441 | C57: C360 | D57: 55 | E57: Male | F57: Nigeria | G57: Email | H57: Product Launch | I57: 355.66 | J57: 1683 | K57: 547 | L57: 299 | M57: 1 | N57: 32.501485 | O57: 54.661792 | P57: 1
A58: MKT1056 | B58: 45648 | C58: C248 | D58: 35 | E58: Female | F58: UK | G58: Instagram | H58: Holiday Promo | I58: 1233.05 | J58: 43478 | K58: 1045 | L58: 301 | M58: 2 | N58: 2.4035144 | O58: 28.803828 | P58: 2
A59: MKT1057 | B59: 45359 | C59: C340 | D59: 35 | E59: Other | F59: South Africa | G59: Email | H59: Discount | I59: 1720.54 | J59: 15509 | K59: 1482 | L59: 356 | M59: 3 | N59: 9.5557418 | O59: 24.021592 | P59: 3
A60: MKT1058 | B60: 45511 | C60: C214 | D60: 22 | E60: Other | F60: USA | G60: Instagram | H60: Holiday Promo | I60: 1566.16 | J60: 28529 | K60: 839 | L60: 361 | M60: 1 | N60: 2.9408672 | O60: 43.027414 | P60: 1
A61: MKT1059 | B61: 45311 | C61: C363 | D61: 43 | E61: Male | F61: Ghana | G61: Referral | H61: Holiday Promo | I61: 1018.6 | J61: 2989 | K61: 713 | L61: 105 | M61: 5 | N61: 23.854132 | O61: 14.726508 | P61: 5
A62: MKT1060 | B62: 45296 | C62: C303 | D62: 47 | E62: Female | F62: Nigeria | G62: Email | H62: Product Launch | I62: 1383.45 | J62: 38648 | K62: 2706 | L62: 393 | M62: 2 | N62: 7.001656 | O62: 14.523282 | P62: 2
A63: MKT1061 | B63: 45567 | C63: C269 | D63: 29 | E63: Male | F63: Kenya | G63: Facebook Ads | H63: Product Launch | I63: 1772.21 | J63: 38917 | K63: 4997 | L63: 57 | M63: 1 | N63: 12.840147 | O63: 1.1406844 | P63: 1
A64: MKT1062 | B64: 45325 | C64: C356 | D64: 55 | E64: Other | F64: Nigeria | G64: Email | H64: Brand Awareness | I64: 1493.49 | J64: 624 | K64: 2762 | L64: 119 | M64: 4 | N64: 442.62821 | O64: 4.3084721 | P64: 4
A65: MKT1063 | B65: 45415 | C65: C297 | D65: 49 | E65: Female | F65: Ghana | G65: Instagram | H65: Brand Awareness | I65: 1154.26 | J65: 1058 | K65: 2216 | L65: 260 | N65: 209.4518 | O65: 11.732852 | P65: 3
A66: MKT1064 | B66: 45578 | C66: C244 | D66: 21 | E66: Other | F66: South Africa | G66: Facebook Ads | H66: Discount | I66: 1956.26 | J66: 37867 | K66: 3402 | L66: 382 | M66: 5 | N66: 8.9840758 | O66: 11.228689 | P66: 5
A67: MKT1065 | B67: 45477 | C67: C267 | D67: 48 | E67: Male | F67: Nigeria | G67: Referral | H67: Product Launch | I67: 168.77 | J67: 27081 | K67: 2077 | L67: 32 | N67: 7.6695838 | O67: 1.5406837 | P67: 3
A68: MKT1066 | B68: 45521 | C68: C371 | D68: 31 | E68: Male | F68: UK | G68: Referral | H68: Discount | I68: 661.87 | J68: 11233 | K68: 824 | L68: 10 | M68: 2 | N68: 7.3355292 | O68: 1.2135922 | P68: 2
A69: MKT1067 | B69: 45621 | C69: C373 | D69: 23 | E69: Other | F69: Kenya | G69: Facebook Ads | H69: Discount | I69: 1911.99 | J69: 25029 | K69: 4641 | L69: 169 | M69: 3 | N69: 18.542491 | O69: 3.6414566 | P69: 3
A70: MKT1068 | B70: 45422 | C70: C367 | D70: 57 | E70: Male | F70: USA | G70: Instagram | H70: Holiday Promo | I70: 110.41 | J70: 5090 | K70: 3051 | L70: 27 | M70: 5 | N70: 59.941061 | O70: 0.88495575 | P70: 5
A71: MKT1069 | B71: 45375 | C71: C371 | D71: 18 | E71: Female | F71: USA | G71: Google Ads | H71: Holiday Promo | I71: 1409.27 | J71: 37239 | K71: 2554 | L71: 347 | N71: 6.8584011 | O71: 13.586531 | P71: 3
A72: MKT1070 | B72: 45313 | C72: C330 | D72: 60 | E72: Male | F72: Kenya | G72: Instagram | H72: Brand Awareness | I72: 1082.13 | J72: 13277 | K72: 4785 | L72: 252 | M72: 1 | N72: 36.039768 | O72: 5.2664577 | P72: 1
A73: MKT1071 | B73: 45411 | C73: C350 | D73: 62 | E73: Female | F73: South Africa | G73: Email | H73: Discount | I73: 1211.99 | J73: 42354 | K73: 2551 | L73: 8 | N73: 6.0230439 | O73: 0.31360251 | P73: 3
A74: MKT1072 | B74: 45359 | C74: C263 | D74: 33 | E74: Male | F74: Kenya | G74: Facebook Ads | H74: Product Launch | I74: 191.91 | J74: 7346 | K74: 3172 | L74: 137 | M74: 5 | N74: 43.179962 | O74: 4.3190416 | P74: 5
A75: MKT1073 | B75: 45495 | C75: C226 | E75: Other | F75: Unknown | G75: Instagram | H75: Brand Awareness | I75: 65.67 | J75: 4948 | K75: 524 | L75: 10 | N75: 10.590137 | O75: 1.9083969 | P75: 3
A76: MKT1074 | B76: 45339 | C76: C244 | D76: 62 | E76: Male | F76: Kenya | G76: Email | H76: Discount | I76: 676.43 | J76: 14970 | K76: 1249 | L76: 22 | M76: 5 | N76: 8.3433534 | O76: 1.7614091 | P76: 5
A77: MKT1075 | B77: 45564 | C77: C338 | D77: 31 | E77: Female | F77: Nigeria | G77: Email | H77: Brand Awareness | I77: 830.1 | J77: 19575 | K77: 1786 | L77: 265 | M77: 4 | N77: 9.1238825 | O77: 14.837626 | P77: 4
A78: MKT1076 | B78: 45304 | C78: C378 | D78: 50 | E78: Female | F78: Kenya | G78: Instagram | H78: Product Launch | I78: 1279.91 | J78: 22927 | K78: 4900 | L78: 375 | M78: 5 | N78: 21.372181 | O78: 7.6530612 | P78: 5
A79: MKT1077 | B79: 45641 | C79: C383 | D79: 50 | E79: Other | F79: Kenya | G79: Instagram | H79: Product Launch | I79: 1108.86 | J79: 35586 | K79: 3331 | L79: 170 | M79: 2 | N79: 9.3604226 | O79: 5.1035725 | P79: 2
A80: MKT1078 | B80: 45399 | C80: C377 | D80: 29 | E80: Other | F80: Ghana | G80: Email | H80: Brand Awareness | I80: 166.91 | J80: 22637 | K80: 410 | L80: 109 | N80: 1.8111941 | O80: 26.585366 | P80: 3
A81: MKT1079 | B81: 45525 | C81: C349 | D81: 61 | E81: Other | F81: UK | G81: Facebook Ads | H81: Discount | I81: 154.5 | J81: 3795 | K81: 3554 | L81: 121 | N81: 93.649539 | O81: 3.4046145 | P81: 3
A82: MKT1080 | B82: 45624 | C82: C340 | E82: Male | F82: Unknown | G82: Facebook Ads | H82: Product Launch | I82: 1350.27 | J82: 39417 | K82: 3112 | L82: 135 | N82: 7.8950707 | O82: 4.3380463 | P82: 3
A83: MKT1081 | B83: 45615 | C83: C319 | D83: 50 | E83: Female | F83: Kenya | G83: Email | H83: Brand Awareness | I83: 1695.07 | J83: 20373 | K83: 3361 | L83: 137 | N83: 16.497325 | O83: 4.0761678 | P83: 3
A84: MKT1082 | B84: 45402 | C84: C313 | D84: 57 | E84: Female | F84: UK | G84: Google Ads | H84: Holiday Promo | I84: 998.2 | J84: 25603 | K84: 1337 | L84: 45 | N84: 5.2220443 | O84: 3.3657442 | P84: 3
A85: MKT1083 | B85: 45434 | C85: C259 | D85: 24 | E85: Male | F85: Nigeria | G85: Google Ads | H85: Brand Awareness | I85: 512.3 | J85: 45407 | K85: 609 | L85: 196 | M85: 2 | N85: 1.3412029 | O85: 32.183908 | P85: 2
A86: MKT1084 | B86: 45416 | C86: C262 | D86: 21 | E86: Other | F86: Nigeria | G86: Referral | H86: Holiday Promo | I86: 826.62 | J86: 32518 | K86: 3074 | L86: 169 | M86: 3 | N86: 9.4532259 | O86: 5.4977228 | P86: 3
A87: MKT1085 | B87: 45568 | C87: C228 | D87: 56 | E87: Other | F87: Ghana | G87: Instagram | H87: Discount | I87: 162.76 | J87: 26231 | K87: 2329 | L87: 82 | M87: 3 | N87: 8.8788075 | O87: 3.5208244 | P87: 3
A88: MKT1086 | B88: 45601 | C88: C383 | D88: 48 | E88: Female | F88: South Africa | G88: Instagram | H88: Brand Awareness | I88: 1452.05 | J88: 32061 | K88: 1216 | L88: 93 | M88: 5 | N88: 3.79277 | O88: 7.6480263 | P88: 5
A89: MKT1087 | B89: 45607 | C89: C215 | E89: Other | F89: Unknown | G89: Google Ads | H89: Holiday Promo | I89: 488.2 | J89: 32198 | K89: 2749 | L89: 105 | N89: 8.5377974 | O89: 3.8195708 | P89: 3
A90: MKT1088 | B90: 45327 | C90: C205 | D90: 45 | E90: Other | F90: UK | G90: Instagram | H90: Discount | I90: 976.33 | J90: 34635 | K90: 472 | L90: 74 | M90: 4 | N90: 1.3627833 | O90: 15.677966 | P90: 4
A91: MKT1089 | B91: 45596 | C91: C391 | D91: 58 | E91: Female | F91: Ghana | G91: Referral | H91: Product Launch | I91: 615.13 | J91: 23387 | K91: 744 | L91: 275 | M91: 5 | N91: 3.1812545 | O91: 36.962366 | P91: 5
A92: MKT1090 | B92: 45552 | C92: C267 | D92: 48 | E92: Other | F92: Ghana | G92: Email | H92: Product Launch | I92: 770.28 | J92: 44596 | K92: 1852 | L92: 172 | M92: 5 | N92: 4.1528388 | O92: 9.287257 | P92: 5
A93: MKT1091 | B93: 45591 | C93: C319 | D93: 44 | E93: Other | F93: Nigeria | G93: Referral | H93: Product Launch | I93: 1041.72 | J93: 44592 | K93: 3671 | L93: 166 | M93: 4 | N93: 8.2324184 | O93: 4.5219286 | P93: 4
A94: MKT1092 | B94: 45542 | C94: C342 | D94: 64 | E94: Female | F94: UK | G94: Instagram | H94: Brand Awareness | I94: 421.11 | J94: 31096 | K94: 4306 | L94: 203 | M94: 5 | N94: 13.84744 | O94: 4.7143521 | P94: 5
A95: MKT1093 | B95: 45346 | C95: C206 | D95: 59 | E95: Female | F95: UK | G95: Facebook Ads | H95: Holiday Promo | I95: 1468.02 | J95: 24815 | K95: 3456 | L95: 76 | M95: 2 | N95: 13.92706 | O95: 2.1990741 | P95: 2
A96: MKT1094 | B96: 45335 | C96: C242 | D96: 44 | E96: Other | F96: USA | G96: Facebook Ads | H96: Holiday Promo | I96: 259.36 | J96: 40912 | K96: 3299 | L96: 371 | M96: 3 | N96: 8.0636488 | O96: 11.245832 | P96: 3
A97: MKT1095 | B97: 45507 | C97: C278 | D97: 45 | E97: Other | F97: USA | G97: Instagram | H97: Holiday Promo | I97: 1526.56 | J97: 41500 | K97: 2791 | L97: 315 | M97: 5 | N97: 6.7253012 | O97: 11.286277 | P97: 5
A98: MKT1096 | B98: 45331 | C98: C364 | D98: 43 | E98: Other | F98: USA | G98: Facebook Ads | H98: Holiday Promo | I98: 140.01 | J98: 42074 | K98: 2387 | L98: 299 | M98: 3 | N98: 5.6733375 | O98: 12.526183 | P98: 3
A99: MKT1097 | B99: 45423 | C99: C339 | D99: 20 | E99: Other | F99: Nigeria | G99: Google Ads | H99: Product Launch | I99: 993.51 | J99: 19930 | K99: 1681 | L99: 299 | N99: 8.4345208 | O99: 17.787032 | P99: 3
A100: MKT1098 | B100: 45627 | C100: C362 | D100: 39 | E100: Other | F100: Kenya | G100: Email | H100: Holiday Promo | I100: 1203.5 | J100: 39872 | K100: 1246 | L100: 157 | M100: 2 | N100: 3.125 | O100: 12.600321 | P100: 2
...
